DTXSID	PREFERRED_NAME	CASRN	INCHIKEY	IUPAC_NAME	SMILES	INCHI_STRING	MOLECULAR_FORMULA	AVERAGE_MASS	MONOISOTOPIC_MASS	DATA_SOURCES	NUMBER_OF_PUBMED_ARTICLES	PUBCHEM_DATA_SOURCES	CPDAT_COUNT
DTXSID0020022	5-(2-Chloro-4-(trifluoromethyl)phenoxy)-2-nitrobenzoic acid	50594-66-6	NUFNQYOELLVIPL-UHFFFAOYSA-N	5-[2-Chloro-4-(trifluoromethyl)phenoxy]-2-nitrobenzoic acid	OC(=O)C1=C(C=CC(OC2=CC=C(C=C2Cl)C(F)(F)F)=C1)[N+]([O-])=O	InChI=1S/C14H7ClF3NO5/c15-10-5-7(14(16,17)18)1-4-12(10)24-8-2-3-11(19(22)23)9(6-8)13(20)21/h1-6H,(H,20,21)	C14H7ClF3NO5	361.66	360.9964845	106	50.0	98	63
DTXSID9020089	Anilazine	101-05-3	IMHBYKMAHXWHRP-UHFFFAOYSA-N	4,6-Dichloro-N-(2-chlorophenyl)-1,3,5-triazin-2-amine	ClC1=CC=CC=C1NC1=NC(Cl)=NC(Cl)=N1	InChI=1S/C9H5Cl3N4/c10-5-3-1-2-4-6(5)13-9-15-7(11)14-8(12)16-9/h1-4H,(H,13,14,15,16)	C9H5Cl3N4	275.52	273.9579793	116	12.0	82	42
DTXSID9020112	Atrazine	1912-24-9	MXWJVTOOROXGIU-UHFFFAOYSA-N	6-Chloro-N~2~-ethyl-N~4~-(propan-2-yl)-1,3,5-triazine-2,4-diamine	CCNC1=NC(NC(C)C)=NC(Cl)=N1	InChI=1S/C8H14ClN5/c1-4-10-7-12-6(9)13-8(14-7)11-5(2)3/h5H,4H2,1-3H3,(H2,10,11,12,13,14)	C8H14ClN5	215.69	215.0937732	248	14356.0	191	3040
DTXSID3020122	Azinphos-methyl	86-50-0	CJJOSEISRRTUQB-UHFFFAOYSA-N	O,O-Dimethyl S-[(4-oxo-1,2,3-benzotriazin-3(4H)-yl)methyl] phosphorodithioate	COP(=S)(OC)SCN1N=NC2=C(C=CC=C2)C1=O	InChI=1S/C10H12N3O3PS2/c1-15-17(18,16-2)19-7-13-10(14)8-5-3-4-6-9(8)11-12-13/h3-6H,7H2,1-2H3	C10H12N3O3PS2	317.32	317.005770604	162	291.0	106	322
DTXSID5020154	Clorophene	120-32-1	NCKMMSIFQUPKCK-UHFFFAOYSA-N	2-Benzyl-4-chlorophenol	OC1=C(CC2=CC=CC=C2)C=C(Cl)C=C1	InChI=1S/C13H11ClO/c14-12-6-7-13(15)11(9-12)8-10-4-2-1-3-5-10/h1-7,9,15H,8H2	C13H11ClO	218.68	218.0498427	152	31.0	126	410
DTXSID9020160	Bifenthrin	82657-04-3	OMFRMAHOUUJSGP-IRHGGOMRSA-N	(2-Methyl[1,1'-biphenyl]-3-yl)methyl (1R,3R)-3-[(1Z)-2-chloro-3,3,3-trifluoroprop-1-en-1-yl]-2,2-dimethylcyclopropane-1-carboxylate	CC1=C(C=CC=C1COC(=O)[C@@H]1[C@H](\C=C(/Cl)C(F)(F)F)C1(C)C)C1=CC=CC=C1	InChI=1/C23H22ClF3O2/c1-14-16(10-7-11-17(14)15-8-5-4-6-9-15)13-29-21(28)20-18(22(20,2)3)12-19(24)23(25,26)27/h4-12,18,20H,13H2,1-3H3/b19-12-/t18-,20-/s2	C23H22ClF3O2	422.87	422.1260421	144	246.0	50	3298
DTXSID7020182	Bisphenol A	80-05-7	IISBACLAFKSPIT-UHFFFAOYSA-N	4,4'-(Propane-2,2-diyl)diphenol	CC(C)(C1=CC=C(O)C=C1)C1=CC=C(O)C=C1	InChI=1S/C15H16O2/c1-15(2,11-3-7-13(16)8-4-11)12-5-9-14(17)10-6-12/h3-10,16-17H,1-2H3	C15H16O2	228.291	228.115029755	238	3850.0	212	1764
DTXSID1020194	Boric acid (H3BO3)	10043-35-3	KGBXLFKZBHKPEV-UHFFFAOYSA-N	Boric acid	OB(O)O	InChI=1S/BH3O3/c2-1(3)4/h2-4H	BH3O3	61.83	62.017524	159	743.0	260	4344
DTXSID4020242	Captafol	2425-06-1	JHRWWRDRBPCWTF-UHFFFAOYSA-N	2-[(1,1,2,2-Tetrachloroethyl)sulfanyl]-3a,4,7,7a-tetrahydro-1H-isoindole-1,3(2H)-dione	ClC(Cl)C(Cl)(Cl)SN1C(=O)C2CC=CCC2C1=O	InChI=1/C10H9Cl4NO2S/c11-9(12)10(13,14)18-15-7(16)5-3-1-2-4-6(5)8(15)17/h1-2,5-6,9H,3-4H2	C10H9Cl4NO2S	349.05	346.9108105	111	44.0	62	7
DTXSID9020243	Captan	133-06-2	LDVVMCZRFWMZSG-UHFFFAOYSA-N	2-[(Trichloromethyl)sulfanyl]-3a,4,7,7a-tetrahydro-1H-isoindole-1,3(2H)-dione	ClC(Cl)(Cl)SN1C(=O)C2CC=CCC2C1=O	InChI=1/C9H8Cl3NO2S/c10-9(11,12)16-13-7(14)5-3-1-2-4-6(5)8(13)15/h1-2,5-6H,3-4H2	C9H8Cl3NO2S	300.58	298.9341328	177	308.0	98	1359
DTXSID9020247	Carbaryl	63-25-2	CVXBEEMKQHEXEN-UHFFFAOYSA-N	Naphthalen-1-yl methylcarbamate	CNC(=O)OC1=C2C=CC=CC2=CC=C1	InChI=1S/C12H11NO2/c1-13-12(14)15-11-8-4-6-9-5-2-3-7-10(9)11/h2-8H,1H3,(H,13,14)	C12H11NO2	201.225	201.078978598	215	1135.0	153	25179
DTXSID0020319	Chlorothalonil	1897-45-6	CRQQGFGUEAVUIL-UHFFFAOYSA-N	2,4,5,6-Tetrachlorobenzene-1,3-dicarbonitrile	ClC1=C(Cl)C(C#N)=C(Cl)C(C#N)=C1Cl	InChI=1S/C8Cl4N2/c9-5-3(1-13)6(10)8(12)7(11)4(5)2-14	C8Cl4N2	265.9	263.8815588	191	251.0	146	21996
DTXSID2020347	Coumaphos	56-72-4	BXNANOICGRISHX-UHFFFAOYSA-N	O-(3-Chloro-4-methyl-2-oxo-2H-1-benzopyran-7-yl) O,O-diethyl phosphorothioate	CCOP(=S)(OCC)OC1=CC2=C(C=C1)C(C)=C(Cl)C(=O)O2	InChI=1S/C14H16ClO5PS/c1-4-17-21(22,18-5-2)20-10-6-7-11-9(3)13(15)14(16)19-12(11)8-10/h6-8H,4-5H2,1-3H3	C14H16ClO5PS	362.76	362.0144595	141	164.0	121	30
DTXSID9020370	Daminozide	1596-84-5	NOQGZXFMHARMLW-UHFFFAOYSA-N	4-(2,2-Dimethylhydrazinyl)-4-oxobutanoic acid	CN(C)NC(=O)CCC(O)=O	InChI=1S/C6H12N2O3/c1-8(2)7-5(9)3-4-6(10)11/h3-4H2,1-2H3,(H,7,9)(H,10,11)	C6H12N2O3	160.173	160.084792254	120	61.0	139	4
DTXSID9020407	Diazinon	333-41-5	FHIVAFMUCKRCQO-UHFFFAOYSA-N	O,O-Diethyl O-[6-methyl-2-(propan-2-yl)pyrimidin-4-yl] phosphorothioate	CCOP(=S)(OCC)OC1=NC(=NC(C)=C1)C(C)C	InChI=1S/C12H21N2O3PS/c1-6-15-18(19,16-7-2)17-11-8-10(5)13-12(14-11)9(3)4/h8-9H,6-7H2,1-5H3	C12H21N2O3PS	304.34	304.101050716	212	890.0	146	17447
DTXSID2020420	Propyzamide	23950-58-5	PHNUZKMIPFFYSO-UHFFFAOYSA-N	3,5-Dichloro-N-(2-methylbut-3-yn-2-yl)benzamide	CC(C)(NC(=O)C1=CC(Cl)=CC(Cl)=C1)C#C	InChI=1S/C12H11Cl2NO/c1-4-12(2,3)15-11(16)8-5-9(13)7-10(14)6-8/h1,5-7H,2-3H3,(H,15,16)	C12H11Cl2NO	256.13	255.0217694	155	54.0	125	376
DTXSID2020426	Dicloran	99-30-9	BIXZHMJUSMUDOQ-UHFFFAOYSA-N	2,6-Dichloro-4-nitroaniline	NC1=C(Cl)C=C(C=C1Cl)[N+]([O-])=O	InChI=1S/C6H4Cl2N2O2/c7-4-1-3(10(11)12)2-5(8)6(4)9/h1-2H,9H2	C6H4Cl2N2O2	207.01	205.9649828	153	30.0	185	590
DTXSID0020440	Dichlorprop	120-36-5	MZHCENGPTKEIGP-UHFFFAOYSA-N	2-(2,4-Dichlorophenoxy)propanoic acid	CC(OC1=C(Cl)C=C(Cl)C=C1)C(O)=O	InChI=1/C9H8Cl2O3/c1-5(9(12)13)14-8-3-2-6(10)4-7(8)11/h2-5H,1H3,(H,12,13)	C9H8Cl2O3	235.06	233.9850495	140	89.0	134	288
DTXSID0020442	2,4-Dichlorophenoxyacetic acid	94-75-7	OVSKIKFHRZPJSS-UHFFFAOYSA-N	(2,4-Dichlorophenoxy)acetic acid	OC(=O)COC1=C(Cl)C=C(Cl)C=C1	InChI=1S/C8H6Cl2O3/c9-5-1-2-7(6(10)3-5)13-4-8(11)12/h1-3H,4H2,(H,11,12)	C8H6Cl2O3	221.03	219.9693995	217	2614.0	216	14996
DTXSID0020446	Diuron	330-54-1	XMTQQYYKAHVGBJ-UHFFFAOYSA-N	N'-(3,4-Dichlorophenyl)-N,N-dimethylurea	CN(C)C(=O)NC1=CC(Cl)=C(Cl)C=C1	InChI=1S/C9H10Cl2N2O/c1-13(2)9(14)12-6-3-4-7(10)8(11)5-6/h3-5H,1-2H3,(H,12,14)	C9H10Cl2N2O	233.09	232.0170184	220	1257.0	165	7098
DTXSID5020449	Dichlorvos	62-73-7	OEBRKCOSUFCWJD-UHFFFAOYSA-N	2,2-Dichloroethenyl dimethyl phosphate	COP(=O)(OC)OC=C(Cl)Cl	InChI=1S/C4H7Cl2O4P/c1-8-11(7,9-2)10-3-4(5)6/h3H,1-2H3	C4H7Cl2O4P	220.97	219.9459011	211	1106.0	147	380
DTXSID4020450	Dicofol	115-32-2	UOAMTSKGCBMZTC-UHFFFAOYSA-N	2,2,2-Trichloro-1,1-bis(4-chlorophenyl)ethan-1-ol	OC(C1=CC=C(Cl)C=C1)(C1=CC=C(Cl)C=C1)C(Cl)(Cl)Cl	InChI=1S/C14H9Cl5O/c15-11-5-1-9(2-6-11)13(20,14(17,18)19)10-3-7-12(16)8-4-10/h1-8,20H	C14H9Cl5O	370.48	367.9096034	164	134.0	77	546
DTXSID7020479	Dimethoate	60-51-5	MCWXGJITAZMZEV-UHFFFAOYSA-N	O,O-Dimethyl S-[2-(methylamino)-2-oxoethyl] phosphorodithioate	CNC(=O)CSP(=S)(OC)OC	InChI=1S/C5H12NO3PS2/c1-6-5(7)4-12-10(11,8-2)9-3/h4H2,1-3H3,(H,6,7)	C5H12NO3PS2	229.25	228.999622596	208	688.0	135	2926
DTXSID7020508	Dimethylarsinic acid	75-60-5	OGGXGZAMXPVRFZ-UHFFFAOYSA-N	Dimethylarsinic acid	C[As](C)(O)=O	InChI=1S/C2H7AsO2/c1-3(2,4)5/h1-2H3,(H,4,5)	C2H7AsO2	137.998	137.966199	134	592.0	402	238
DTXSID1020560	Endosulfan	115-29-7	RDYMFSUJUZBWLH-UHFFFAOYSA-N	6,7,8,9,10,10-Hexachloro-1,5,5a,6,9,9a-hexahydro-3H-6,9-methano-3lambda~4~-2,4,3lambda~4~-benzodioxathiepin-3-one	ClC1=C(Cl)C2(Cl)C3COS(=O)OCC3C1(Cl)C2(Cl)Cl	InChI=1/C9H6Cl6O3S/c10-5-6(11)8(13)4-2-18-19(16)17-1-3(4)7(5,12)9(8,14)15/h3-4H,1-2H2	C9H6Cl6O3S	406.9	403.8168814	168	1175.0	108	228
DTXSID5020601	Ethylene thiourea	96-45-7	PDQAZBWRQCGBEV-UHFFFAOYSA-N	Imidazolidine-2-thione	S=C1NCCN1	InChI=1S/C3H6N2S/c6-3-4-1-2-5-3/h1-2H2,(H2,4,5,6)	C3H6N2S	102.16	102.025169375	178	299.0	143	138
DTXSID5020607	Di(2-ethylhexyl) phthalate	117-81-7	BJQHLKABXJIVAM-UHFFFAOYSA-N	Bis(2-ethylhexyl) benzene-1,2-dicarboxylate	CCCCC(CC)COC(=O)C1=C(C=CC=C1)C(=O)OCC(CC)CCCC	InChI=1/C24H38O4/c1-5-9-13-19(7-3)17-27-23(25)21-15-11-12-16-22(21)24(26)28-18-20(8-4)14-10-6-2/h11-12,15-16,19-20H,5-10,13-14,17-18H2,1-4H3	C24H38O4	390.564	390.277009704	250	2158.0	147	8796
DTXSID8020620	Fenthion	55-38-9	PNVJTZOFSHSLTO-UHFFFAOYSA-N	O,O-Dimethyl O-[3-methyl-4-(methylsulfanyl)phenyl] phosphorothioate	COP(=S)(OC)OC1=CC(C)=C(SC)C=C1	InChI=1S/C10H15O3PS2/c1-8-7-9(5-6-10(8)16-4)13-14(15,11-2)12-3/h5-7H,1-4H3	C10H15O3PS2	278.32	278.020023689	166	354.0	120	25
DTXSID8020628	Fluometuron	2164-17-2	RZILCCPWPBTYDO-UHFFFAOYSA-N	N,N-Dimethyl-N'-[3-(trifluoromethyl)phenyl]urea	CN(C)C(=O)NC1=CC=CC(=C1)C(F)(F)F	InChI=1S/C10H11F3N2O/c1-15(2)9(16)14-8-5-3-4-7(6-8)10(11,12)13/h3-6H,1-2H3,(H,14,16)	C10H11F3N2O	232.206	232.082347471	143	34.0	109	41
DTXSID2020686	Lindane	58-89-9	JLYXXMFPNIAWKQ-GNIYUCBRSA-N	(1R,2S,3r,4R,5S,6r)-1,2,3,4,5,6-Hexachlorocyclohexane	Cl[C@H]1[C@H](Cl)[C@@H](Cl)[C@@H](Cl)[C@H](Cl)[C@H]1Cl	InChI=1/C6H6Cl6/c7-1-2(8)4(10)6(12)5(11)3(1)9/h1-6H/t1-,2-,3-,4+,5+,6+	C6H6Cl6	290.81	287.8600664	204	4371.0	-	1036
DTXSID7020764	Chlorpropham	101-21-3	CWJSHJJYOPWUGX-UHFFFAOYSA-N	Propan-2-yl (3-chlorophenyl)carbamate	CC(C)OC(=O)NC1=CC=CC(Cl)=C1	InChI=1S/C10H12ClNO2/c1-7(2)14-10(13)12-9-5-3-4-8(11)6-9/h3-7H,1-2H3,(H,12,13)	C10H12ClNO2	213.66	213.0556563	138	93.0	132	816
DTXSID9020790	Malaoxon	1634-78-2	WSORODGWGUUOBO-UHFFFAOYSA-N	Diethyl 2-[(dimethoxyphosphoryl)sulfanyl]butanedioate	CCOC(=O)CC(SP(=O)(OC)OC)C(=O)OCC	InChI=1/C10H19O7PS/c1-5-16-9(11)7-8(10(12)17-6-2)19-18(13,14-3)15-4/h8H,5-7H2,1-4H3	C10H19O7PS	314.29	314.058911124	109	63.0	64	1
DTXSID4020791	Malathion	121-75-5	JXSJBGJIGXNWCI-UHFFFAOYSA-N	Diethyl 2-[(dimethoxyphosphorothioyl)sulfanyl]butanedioate	CCOC(=O)CC(SP(=S)(OC)OC)C(=O)OCC	InChI=1/C10H19O6PS2/c1-5-15-9(11)7-8(10(12)16-6-2)19-17(18,13-3)14-4/h8H,5-7H2,1-4H3	C10H19O6PS2	330.35	330.036067678	209	2028.0	157	14652
DTXSID9020792	Maleic hydrazide	123-33-1	BGRDGMRNKXEXQD-UHFFFAOYSA-N	1,2-Dihydropyridazine-3,6-dione	O=C1NNC(=O)C=C1	InChI=1S/C4H4N2O2/c7-3-1-2-4(8)6-5-3/h1-2H,(H,5,7)(H,6,8)	C4H4N2O2	112.088	112.027277377	128	169.0	190	24
DTXSID9020794	Maneb	12427-38-2	YKSNLCVSTHTHJA-UHFFFAOYSA-L	Manganese(2+) ethane-1,2-diyldicarbamodithioate	[Mn++].[S-]C(=S)NCCNC([S-])=S	InChI=1S/C4H8N2S4.Mn/c7-3(8)5-1-2-6-4(9)10;/h1-2H2,(H2,5,7,8)(H2,6,9,10);/q;+2/p-2	C4H6MnN2S4	265.28	264.879427	110	426.0	46	240
DTXSID5020819	Methidathion	950-37-8	MEBQXILRKZHVCX-UHFFFAOYSA-N	S-[(5-Methoxy-2-oxo-1,3,4-thiadiazol-3(2H)-yl)methyl] O,O-dimethyl phosphorodithioate	COC1=NN(CSP(=S)(OC)OC)C(=O)S1	InChI=1S/C6H11N2O4PS3/c1-10-5-7-8(6(9)16-5)4-15-13(14,11-2)12-3/h4H2,1-3H3	C6H11N2O4PS3	302.32	301.961857362	156	73.0	96	55
DTXSID9020827	Methoxychlor	72-43-5	IAKOZHOLGAGEJT-UHFFFAOYSA-N	1,1'-(2,2,2-Trichloroethane-1,1-diyl)bis(4-methoxybenzene)	COC1=CC=C(C=C1)C(C1=CC=C(OC)C=C1)C(Cl)(Cl)Cl	InChI=1S/C16H15Cl3O2/c1-20-13-7-3-11(4-8-13)15(16(17,18)19)12-5-9-14(21-2)10-6-12/h3-10,15H,1-2H3	C16H15Cl3O2	345.64	344.0137628	184	484.0	127	915
DTXSID1020855	Methyl parathion	298-00-0	RLBIQVVOMOPOHC-UHFFFAOYSA-N	O,O-Dimethyl O-(4-nitrophenyl) phosphorothioate	COP(=S)(OC)OC1=CC=C(C=C1)[N+]([O-])=O	InChI=1S/C8H10NO5PS/c1-12-15(16,13-2)14-8-5-3-7(4-6-8)9(10)11/h3-6H,1-2H3	C8H10NO5PS	263.2	263.001730598	190	749.0	114	840
DTXSID6021086	Oxamyl	23135-22-0	KZAUOCCYDRDERY-UHFFFAOYSA-N	Methyl 2-(dimethylamino)-N-[(methylcarbamoyl)oxy]-2-oxoethanimidothioate	CNC(=O)ON=C(SC)C(=O)N(C)C	InChI=1S/C7H13N3O3S/c1-8-7(12)13-9-5(14-4)6(11)10(2)3/h1-4H3,(H,8,12)	C7H13N3O3S	219.26	219.067762465	146	37.0	37	685
DTXSID7021100	Parathion	56-38-2	LCCNCVORNKJIRZ-UHFFFAOYSA-N	O,O-Diethyl O-(4-nitrophenyl) phosphorothioate	CCOP(=S)(OCC)OC1=CC=C(C=C1)[N+]([O-])=O	InChI=1S/C10H14NO5PS/c1-3-14-17(18,15-4-2)16-10-7-5-9(6-8-10)11(12)13/h5-8H,3-4H2,1-2H3	C10H14NO5PS	291.26	291.033030727	186	2213.0	88	416
DTXSID2021105	Pentachloronitrobenzene	82-68-8	LKPLKUMXSAEKID-UHFFFAOYSA-N	1,2,3,4,5-Pentachloro-6-nitrobenzene	[O-][N+](=O)C1=C(Cl)C(Cl)=C(Cl)C(Cl)=C1Cl	InChI=1S/C6Cl5NO2/c7-1-2(8)4(10)6(12(13)14)5(11)3(1)9	C6Cl5NO2	295.32	292.8371667	172	69.0	113	444
DTXSID2021151	2-Phenylphenol	90-43-7	LLEMOWNGBBNAJR-UHFFFAOYSA-N	[1,1'-Biphenyl]-2-ol	OC1=C(C=CC=C1)C1=CC=CC=C1	InChI=1S/C12H10O/c13-12-9-5-4-8-11(12)10-6-2-1-3-7-10/h1-9,13H	C12H10O	170.211	170.073164942	203	2416.0	189	22800
DTXSID1021160	Picloram	1918-02-1	NQQVFXUMIDALNH-UHFFFAOYSA-N	4-Amino-3,5,6-trichloropyridine-2-carboxylic acid	NC1=C(Cl)C(Cl)=NC(C(O)=O)=C1Cl	InChI=1S/C6H3Cl3N2O2/c7-1-3(10)2(8)5(9)11-4(1)6(12)13/h(H2,10,11)(H,12,13)	C6H3Cl3N2O2	241.45	239.9260104	157	133.0	131	429
DTXSID1021166	Piperonyl butoxide	51-03-6	FIPWRIJSWJWJAI-UHFFFAOYSA-N	5-{[2-(2-Butoxyethoxy)ethoxy]methyl}-6-propyl-2H-1,3-benzodioxole	CCCCOCCOCCOCC1=CC2=C(OCO2)C=C1CCC	InChI=1S/C19H30O5/c1-3-5-7-20-8-9-21-10-11-22-14-17-13-19-18(23-15-24-19)12-16(17)6-4-2/h12-13H,3-11,14-15H2,1-2H3	C19H30O5	338.444	338.209324066	196	659.0	139	31871
DTXSID3021196	Propazine	139-40-2	WJNRPILHGGKWCK-UHFFFAOYSA-N	6-Chloro-N~2~,N~4~-di(propan-2-yl)-1,3,5-triazine-2,4-diamine	CC(C)NC1=NC(NC(C)C)=NC(Cl)=N1	InChI=1S/C9H16ClN5/c1-5(2)11-8-13-7(10)14-9(15-8)12-6(3)4/h5-6H,1-4H3,(H2,11,12,13,14,15)	C9H16ClN5	229.71	229.1094232	150	39.0	129	54
DTXSID6021248	Rotenone	83-79-4	JUVIOZPCNVVQFO-HBGVWJBISA-N	(2R,6aS,12aS)-8,9-Dimethoxy-2-(prop-1-en-2-yl)-1,2,12,12a-tetrahydrofuro[2',3':7,8][1]benzopyrano[2,3-c][1]benzopyran-6(6aH)-one	[H][C@@]12COC3=C(C=C(OC)C(OC)=C3)[C@]1([H])C(=O)C1=CC=C3O[C@H](CC3=C1O2)C(C)=C	InChI=1S/C23H22O6/c1-11(2)16-8-14-15(28-16)6-5-12-22(24)21-13-7-18(25-3)19(26-4)9-17(13)27-10-20(21)29-23(12)14/h5-7,9,16,20-21H,1,8,10H2,2-4H3/t16-,20-,21+/m1/s1	C23H22O6	394.423	394.141638428	151	3310.0	204	90
DTXSID4021268	Simazine	122-34-9	ODCWYMIRDDJXKW-UHFFFAOYSA-N	6-Chloro-N~2~,N~4~-diethyl-1,3,5-triazine-2,4-diamine	CCNC1=NC(NCC)=NC(Cl)=N1	InChI=1S/C7H12ClN5/c1-3-9-6-11-5(8)12-7(13-6)10-4-2/h3-4H2,1-2H3,(H2,9,10,11,12,13)	C7H12ClN5	201.66	201.0781231	204	335.0	165	6192
DTXSID5021332	Thiram	137-26-8	KUAZQDVKQLNFPE-UHFFFAOYSA-N	-	CN(C)C(=S)SSC(=S)N(C)C	InChI=1S/C6H12N2S4/c1-7(2)5(9)11-12-6(10)8(3)4/h1-4H3	C6H12N2S4	240.42	239.98833309	205	548.0	196	1071
DTXSID0021337	Thiabendazole	148-79-8	WJCNZQLZVWNLKY-UHFFFAOYSA-N	2-(1,3-Thiazol-4-yl)-1H-benzimidazole	N1C2=C(C=CC=C2)N=C1C1=CSC=N1	InChI=1S/C10H7N3S/c1-2-4-8-7(3-1)12-10(13-8)9-5-14-6-11-9/h1-6H,(H,12,13)	C10H7N3S	201.25	201.036068411	187	1767.0	273	1038
DTXSID0021385	Folpet	133-07-3	HKIOYBQGHSTUDB-UHFFFAOYSA-N	2-[(Trichloromethyl)sulfanyl]-1H-isoindole-1,3(2H)-dione	ClC(Cl)(Cl)SN1C(=O)C2=C(C=CC=C2)C1=O	InChI=1S/C9H4Cl3NO2S/c10-9(11,12)16-13-7(14)5-3-1-2-4-6(5)8(13)15/h1-4H	C9H4Cl3NO2S	296.55	294.9028326	154	66.0	93	1218
DTXSID0021389	Trichlorfon	52-68-6	NFACJZMKEDPNKN-UHFFFAOYSA-N	Dimethyl (2,2,2-trichloro-1-hydroxyethyl)phosphonate	COP(=O)(OC)C(O)C(Cl)(Cl)Cl	InChI=1/C4H8Cl3O4P/c1-10-12(9,11-2)3(8)4(5,6)7/h3,8H,1-2H3	C4H8Cl3O4P	257.43	255.9225788	166	1046.0	135	170
DTXSID4021395	Trifluralin	1582-09-8	ZSDSQXJSNMTJDA-UHFFFAOYSA-N	2,6-Dinitro-N,N-dipropyl-4-(trifluoromethyl)aniline	CCCN(CCC)C1=C(C=C(C=C1[N+]([O-])=O)C(F)(F)F)[N+]([O-])=O	InChI=1S/C13H16F3N3O4/c1-3-5-17(6-4-2)12-10(18(20)21)7-9(13(14,15)16)8-11(12)19(22)23/h7-8H,3-6H2,1-2H3	C13H16F3N3O4	335.283	335.109290496	190	259.0	135	3456
DTXSID1021409	Triphenyltin hydroxide	76-87-9	BFWMWWXRWVJXSE-UHFFFAOYSA-M	Triphenylstannanol	O[Sn](C1=CC=CC=C1)(C1=CC=CC=C1)C1=CC=CC=C1	InChI=1S/3C6H5.H2O.Sn/c3*1-2-4-6-5-3-1;;/h3*1-5H;1H2;/q;;;;+1/p-1	C18H16OSn	367.035	368.022317	116	24.0	57	12
DTXSID2021781	Dibutyl phthalate	84-74-2	DOIRQSBPFJWKBE-UHFFFAOYSA-N	Dibutyl benzene-1,2-dicarboxylate	CCCCOC(=O)C1=CC=CC=C1C(=O)OCCCC	InChI=1S/C16H22O4/c1-3-5-11-19-15(17)13-9-7-8-10-14(13)16(18)20-12-6-4-2/h7-10H,3-6,11-12H2,1-2H3	C16H22O4	278.348	278.151809188	265	831.0	189	7040
DTXSID7021948	Propoxur	114-26-1	ISRUGXGCCGIOQO-UHFFFAOYSA-N	2-[(Propan-2-yl)oxy]phenyl methylcarbamate	CNC(=O)OC1=CC=CC=C1OC(C)C	InChI=1S/C11H15NO3/c1-8(2)14-9-6-4-5-7-10(9)15-11(13)12-3/h4-8H,1-3H3,(H,12,13)	C11H15NO3	209.245	209.105193347	170	380.0	138	1196
DTXSID4021975	Diphenylamine	122-39-4	DMBHHRLKUKUOEG-UHFFFAOYSA-N	N-Phenylaniline	N(C1=CC=CC=C1)C1=CC=CC=C1	InChI=1S/C12H11N/c1-3-7-11(8-4-1)13-12-9-5-2-6-10-12/h1-10,13H	C12H11N	169.227	169.089149358	215	797.0	187	2501
DTXSID9021976	2-Phenoxyethanol	122-99-6	QCDWFXQBSFUVSP-UHFFFAOYSA-N	2-Phenoxyethan-1-ol	OCCOC1=CC=CC=C1	InChI=1S/C8H10O2/c9-6-7-10-8-4-2-1-3-5-8/h1-5,9H,6-7H2	C8H10O2	138.166	138.068079562	184	125.0	197	3325
DTXSID2021995	DEET	134-62-3	MMOXZBCLCQITDF-UHFFFAOYSA-N	N,N-Diethyl-3-methylbenzamide	CCN(CC)C(=O)C1=CC=CC(C)=C1	InChI=1S/C12H17NO/c1-4-13(5-2)12(14)11-8-6-7-10(3)9-11/h6-9H,4-5H2,1-3H3	C12H17NO	191.274	191.131014171	201	753.0	205	648
DTXSID0022018	Disulfoton	298-04-4	DOFZAZXDOSGAJZ-UHFFFAOYSA-N	O,O-Diethyl S-[2-(ethylsulfanyl)ethyl] phosphorodithioate	CCOP(=S)(OCC)SCCSCC	InChI=1S/C8H19O2PS3/c1-4-9-11(12,10-5-2)14-8-7-13-6-3/h4-8H2,1-3H3	C8H19O2PS3	274.39	274.028480372	172	102.0	106	1035
DTXSID4022020	Bromacil	314-40-9	CTSLUCNDVMMDHG-UHFFFAOYSA-N	5-Bromo-3-(butan-2-yl)-6-methylpyrimidine-2,4(1H,3H)-dione	CCC(C)N1C(=O)NC(C)=C(Br)C1=O	InChI=1/C9H13BrN2O2/c1-4-5(2)12-8(13)7(10)6(3)11-9(12)14/h5H,4H2,1-3H3,(H,11,14)	C9H13BrN2O2	261.119	260.016041	157	47.0	85	2728
DTXSID8022111	Propanil	709-98-8	LFULEKSKNZEWOE-UHFFFAOYSA-N	N-(3,4-Dichlorophenyl)propanamide	CCC(=O)NC1=CC=C(Cl)C(Cl)=C1	InChI=1S/C9H9Cl2NO/c1-2-9(13)12-6-3-4-7(10)8(11)5-6/h3-5H,2H2,1H3,(H,12,13)	C9H9Cl2NO	218.08	217.0061193	154	130.0	132	22
DTXSID3022162	Bromoxynil	1689-84-5	UPMXNNIRAGDFEH-UHFFFAOYSA-N	3,5-Dibromo-4-hydroxybenzonitrile	OC1=C(Br)C=C(C=C1Br)C#N	InChI=1S/C7H3Br2NO/c8-5-1-4(3-10)2-6(9)7(5)11/h1-2,11H	C7H3Br2NO	276.915	274.85814	140	73.0	113	60
DTXSID7022253	Resmethrin	10453-86-8	VEMKTZHHVJILDY-UHFFFAOYSA-N	(5-Benzylfuran-3-yl)methyl 2,2-dimethyl-3-(2-methylprop-1-en-1-yl)cyclopropane-1-carboxylate	CC(C)=CC1C(C(=O)OCC2=COC(CC3=CC=CC=C3)=C2)C1(C)C	InChI=1/C22H26O3/c1-15(2)10-19-20(22(19,3)4)21(23)25-14-17-12-18(24-13-17)11-16-8-6-5-7-9-16/h5-10,12-13,19-20H,11,14H2,1-4H3	C22H26O3	338.447	338.188194697	148	95.0	92	816
DTXSID1022265	Alachlor	15972-60-8	XCSGPAVHZFQHGE-UHFFFAOYSA-N	2-Chloro-N-(2,6-diethylphenyl)-N-(methoxymethyl)acetamide	CCC1=CC=CC(CC)=C1N(COC)C(=O)CCl	InChI=1S/C14H20ClNO2/c1-4-11-7-6-8-12(5-2)14(11)16(10-18-3)13(17)9-15/h6-8H,4-5,9-10H2,1-3H3	C14H20ClNO2	269.77	269.1182566	179	318.0	122	1116
DTXSID1022267	Methomyl	16752-77-5	UHXUZOCRWCRNSJ-UHFFFAOYSA-N	Methyl N-[(methylcarbamoyl)oxy]ethanimidothioate	CNC(=O)ON=C(C)SC	InChI=1S/C5H10N2O2S/c1-4(10-3)7-9-5(8)6-2/h1-3H3,(H,6,8)	C5H10N2O2S	162.21	162.046298744	161	240.0	64	2596
DTXSID8022292	Permethrin	52645-53-1	RLLPVAHGXHCWKJ-UHFFFAOYSA-N	(3-Phenoxyphenyl)methyl 3-(2,2-dichloroethenyl)-2,2-dimethylcyclopropane-1-carboxylate	CC1(C)C(C=C(Cl)Cl)C1C(=O)OCC1=CC(OC2=CC=CC=C2)=CC=C1	InChI=1/C21H20Cl2O3/c1-21(2)17(12-18(22)23)19(21)20(24)25-13-14-7-6-10-16(11-14)26-15-8-4-3-5-9-15/h3-12,17,19H,13H2,1-2H3	C21H20Cl2O3	391.29	390.0789499	193	1870.0	170	18300
DTXSID8022325	2,2-Bis(4-hydroxyphenyl)-1,1,1-trichloroethane	2971-36-0	IUGDILGOLSSKNE-UHFFFAOYSA-N	4,4'-(2,2,2-Trichloroethane-1,1-diyl)diphenol	OC1=CC=C(C=C1)C(C1=CC=C(O)C=C1)C(Cl)(Cl)Cl	InChI=1S/C14H11Cl3O2/c15-14(16,17)13(9-1-5-11(18)6-2-9)10-3-7-12(19)8-4-10/h1-8,13,18-19H	C14H11Cl3O2	317.59	315.9824627	70	37.0	79	-
DTXSID6022341	Prometon	1610-18-0	ISEUFVQQFVOBCY-UHFFFAOYSA-N	6-Methoxy-N~2~,N~4~-di(propan-2-yl)-1,3,5-triazine-2,4-diamine	COC1=NC(NC(C)C)=NC(NC(C)C)=N1	InChI=1S/C10H19N5O/c1-6(2)11-8-13-9(12-7(3)4)15-10(14-8)16-5/h6-7H,1-5H3,(H2,11,12,13,14,15)	C10H19N5O	225.296	225.158960252	159	10.0	111	552
DTXSID4022361	Vinclozolin	50471-44-8	FSCWZHGZWWDELK-UHFFFAOYSA-N	3-(3,5-Dichlorophenyl)-5-ethenyl-5-methyl-1,3-oxazolidine-2,4-dione	CC1(OC(=O)N(C1=O)C1=CC(Cl)=CC(Cl)=C1)C=C	InChI=1/C12H9Cl2NO3/c1-3-12(2)10(16)15(11(17)18-12)9-5-7(13)4-8(14)6-9/h3-6H,1H2,2H3	C12H9Cl2NO3	286.11	284.9959486	163	231.0	85	86
DTXSID4022448	Metolachlor	51218-45-2	WVQBLGZPHOPPFO-UHFFFAOYSA-N	2-Chloro-N-(2-ethyl-6-methylphenyl)-N-(1-methoxypropan-2-yl)acetamide	CCC1=C(N(C(C)COC)C(=O)CCl)C(C)=CC=C1	InChI=1/C15H22ClNO2/c1-5-13-8-6-7-11(2)15(13)17(14(18)9-16)12(3)10-19-4/h6-8,12H,5,9-10H2,1-4H3	C15H22ClNO2	283.8	283.1339067	164	324.0	121	1026
DTXSID3022455	Dimethyl phthalate	131-11-3	NIQCNGHVCWTJSM-UHFFFAOYSA-N	Dimethyl benzene-1,2-dicarboxylate	COC(=O)C1=C(C=CC=C1)C(=O)OC	InChI=1S/C10H10O4/c1-13-9(11)7-5-3-4-6-8(7)10(12)14-2/h3-6H,1-2H3	C10H10O4	194.186	194.057908802	209	188.0	148	729
DTXSID4023412	Oxytetracycline dihydrate	6153-64-6	SRRPEXWCHWWJOC-JEKSYDDFSA-N	(4S,4aR,5S,5aR,6S,12aS)-4-(Dimethylamino)-3,5,6,10,12,12a-hexahydroxy-6-methyl-1,11-dioxo-1,4,4a,5,5a,6,11,12a-octahydrotetracene-2-carboxamide--water (1/2)	O.O.CN(C)[C@H]1[C@@H]2[C@@H](O)[C@H]3C(=C(O)[C@]2(O)C(=O)C(C(N)=O)=C1O)C(=O)C1=C(C=CC=C1O)[C@@]3(C)O	InChI=1S/C22H24N2O9.2H2O/c1-21(32)7-5-4-6-8(25)9(7)15(26)10-12(21)17(28)13-14(24(2)3)16(27)11(20(23)31)19(30)22(13,33)18(10)29;;/h4-6,12-14,17,25,27-29,32-33H,1-3H3,(H2,23,31);2*1H2/t12-,13-,14+,17+,21-,22+;;/m1../s1	C22H28N2O11	496.469	496.16930973	48	6050.0	70	-
DTXSID8023846	Acephate	30560-19-1	YASYVMFAVPKPKE-UHFFFAOYSA-N	O,S-Dimethyl N-acetylphosphoramidothioate	COP(=O)(NC(C)=O)SC	InChI=1/C4H10NO3PS/c1-4(6)5-9(7,8-2)10-3/h1-3H3,(H,5,6,7)	C4H10NO3PS	183.16	183.011901358	165	160.0	119	3960
DTXSID8023848	Acetochlor	34256-82-1	VTNQPKFIQCLBDU-UHFFFAOYSA-N	2-Chloro-N-(ethoxymethyl)-N-(2-ethyl-6-methylphenyl)acetamide	CCOCN(C(=O)CCl)C1=C(CC)C=CC=C1C	InChI=1S/C14H20ClNO2/c1-4-12-8-6-7-11(3)14(12)16(10-18-5-2)13(17)9-15/h6-8H,4-5,9-10H2,1-3H3	C14H20ClNO2	269.77	269.1182566	145	172.0	120	50
DTXSID1023869	Ametryn	834-12-8	RQVYBGPQFYCBGX-UHFFFAOYSA-N	N~2~-Ethyl-6-(methylsulfanyl)-N~4~-(propan-2-yl)-1,3,5-triazine-2,4-diamine	CCNC1=NC(SC)=NC(NC(C)C)=N1	InChI=1S/C9H17N5S/c1-5-10-7-12-8(11-6(2)3)14-9(13-7)15-4/h6H,5H2,1-4H3,(H2,10,11,12,13,14)	C9H17N5S	227.33	227.120466741	158	68.0	119	76
DTXSID5023871	Amitraz	33089-61-1	QXAITBQSYVNQDR-ZIOPAAQOSA-N	N'-(2,4-Dimethylphenyl)-N-{(E)-[(2,4-dimethylphenyl)imino]methyl}-N-methylmethanimidamide (non-preferred name)	CN(\C=N\C1=C(C)C=C(C)C=C1)\C=N\C1=C(C)C=C(C)C=C1	InChI=1S/C19H23N3/c1-14-6-8-18(16(3)10-14)20-12-22(5)13-21-19-9-7-15(2)11-17(19)4/h6-13H,1-5H3/b20-12+,21-13+	C19H23N3	293.414	293.189197753	138	331.0	155	78
DTXSID9023881	Clofentezine	74115-24-5	UXADOQPNKNTIHB-UHFFFAOYSA-N	3,6-Bis(2-chlorophenyl)-1,2,4,5-tetrazine	ClC1=CC=CC=C1C1=NN=C(N=N1)C1=C(Cl)C=CC=C1	InChI=1S/C14H8Cl2N4/c15-11-7-3-1-5-9(11)13-17-19-14(20-18-13)10-6-2-4-8-12(10)16/h1-8H	C14H8Cl2N4	303.15	302.0126017	107	12.0	95	45
DTXSID9023889	Quizalofop-ethyl	76578-14-8	OSUHJPCHFDQAIT-UHFFFAOYSA-N	Ethyl 2-{4-[(6-chloroquinoxalin-2-yl)oxy]phenoxy}propanoate	CCOC(=O)C(C)OC1=CC=C(OC2=CN=C3C=C(Cl)C=CC3=N2)C=C1	InChI=1/C19H17ClN2O4/c1-3-24-19(23)12(2)25-14-5-7-15(8-6-14)26-18-11-21-17-10-13(20)4-9-16(17)22-18/h4-12H,3H2,1-2H3	C19H17ClN2O4	372.81	372.0876847	105	22.0	80	26
DTXSID8023890	Asulam	3337-71-1	VGPYEHKOIGNJKV-UHFFFAOYSA-N	Methyl (4-aminobenzene-1-sulfonyl)carbamate	COC(=O)NS(=O)(=O)C1=CC=C(N)C=C1	InChI=1S/C8H10N2O4S/c1-14-8(11)10-15(12,13)7-4-2-6(9)3-5-7/h2-5H,9H2,1H3,(H,10,11)	C8H10N2O4S	230.24	230.036127984	113	19.0	82	2
DTXSID8023892	Abamectin	71751-41-2	-	-	-	-	-	-	-	102	718.0	-	188
DTXSID3023897	Triadimefon	43121-43-3	WURBVZBTWMNKQT-UHFFFAOYSA-N	1-(4-Chlorophenoxy)-3,3-dimethyl-1-(1H-1,2,4-triazol-1-yl)butan-2-one	CC(C)(C)C(=O)C(OC1=CC=C(Cl)C=C1)N1C=NC=N1	InChI=1/C14H16ClN3O2/c1-14(2,3)12(19)13(18-9-16-8-17-18)20-11-6-4-10(15)5-7-11/h4-9,13H,1-3H3	C14H16ClN3O2	293.75	293.0931045	166	163.0	131	2340
DTXSID3023899	Benfluralin	1861-40-1	SMDHCQAYESWHAE-UHFFFAOYSA-N	N-Butyl-N-ethyl-2,6-dinitro-4-(trifluoromethyl)aniline	CCCCN(CC)C1=C(C=C(C=C1[N+]([O-])=O)C(F)(F)F)[N+]([O-])=O	InChI=1S/C13H16F3N3O4/c1-3-5-6-17(4-2)12-10(18(20)21)7-9(13(14,15)16)8-11(12)19(22)23/h7-8H,3-6H2,1-2H3	C13H16F3N3O4	335.283	335.109290496	136	11.0	108	110
DTXSID5023900	Benomyl	17804-35-2	RIOXQFHNBCKOKP-UHFFFAOYSA-N	Methyl [1-(butylcarbamoyl)-1H-benzimidazol-2-yl]carbamate	CCCCNC(=O)N1C(NC(=O)OC)=NC2=C1C=CC=C2	InChI=1S/C14H18N4O3/c1-3-4-9-15-13(19)18-11-8-6-5-7-10(11)16-12(18)17-14(20)21-2/h5-8H,3-4,9H2,1-2H3,(H,15,19)(H,16,17,20)	C14H18N4O3	290.323	290.137890456	164	476.0	112	440
DTXSID0023901	Bentazone	25057-89-0	ZOMSMJKLGFBRBS-UHFFFAOYSA-N	3-(Propan-2-yl)-2lambda~6~,1,3-benzothiadiazine-2,2,4(1H,3H)-trione	CC(C)N1C(=O)C2=C(NS1(=O)=O)C=CC=C2	InChI=1S/C10H12N2O3S/c1-7(2)12-10(13)8-5-3-4-6-9(8)11-16(12,14)15/h3-7,11H,1-2H3	C10H12N2O3S	240.28	240.056863428	159	118.0	121	315
DTXSID9023914	Dicrotophos	141-66-2	VEENJGZXVHKXNB-VOTSOKGWSA-N	(2E)-4-(Dimethylamino)-4-oxobut-2-en-2-yl dimethyl phosphate	COP(=O)(OC)O\C(C)=C\C(=O)N(C)C	InChI=1S/C8H16NO5P/c1-7(6-8(10)9(2)3)14-15(11,12-4)13-5/h6H,1-5H3/b7-6+	C8H16NO5P	237.192	237.076609617	134	28.0	62	54
DTXSID7023936	Butylate	2008-41-5	BMTAFVWTTFSTOG-UHFFFAOYSA-N	S-Ethyl bis(2-methylpropyl)carbamothioate	CCSC(=O)N(CC(C)C)CC(C)C	InChI=1S/C11H23NOS/c1-6-14-11(13)12(7-9(2)3)8-10(4)5/h9-10H,6-8H2,1-5H3	C11H23NOS	217.37	217.150035539	123	17.0	66	95
DTXSID0023951	Carboxin	5234-68-4	GYSSRZJIHXQEHQ-UHFFFAOYSA-N	2-Methyl-N-phenyl-5,6-dihydro-1,4-oxathiine-3-carboxamide	CC1=C(SCCO1)C(=O)NC1=CC=CC=C1	InChI=1S/C12H13NO2S/c1-9-11(16-8-7-15-9)12(14)13-10-5-3-2-4-6-10/h2-6H,7-8H2,1H3,(H,13,14)	C12H13NO2S	235.3	235.066699837	133	88.0	139	120
DTXSID1023990	Cyanazine	21725-46-2	MZZBPDKVEFVLFF-UHFFFAOYSA-N	2-{[4-Chloro-6-(ethylamino)-1,3,5-triazin-2-yl]amino}-2-methylpropanenitrile	CCNC1=NC(NC(C)(C)C#N)=NC(Cl)=N1	InChI=1S/C9H13ClN6/c1-4-12-7-13-6(10)14-8(15-7)16-9(2,3)5-11/h4H2,1-3H3,(H2,12,13,14,15,16)	C9H13ClN6	240.7	240.0890221	148	54.0	91	176
DTXSID1023998	Cypermethrin	52315-07-8	KAATUXNTWXVJKI-UHFFFAOYSA-N	Cyano(3-phenoxyphenyl)methyl 3-(2,2-dichloroethenyl)-2,2-dimethylcyclopropane-1-carboxylate	CC1(C)C(C=C(Cl)Cl)C1C(=O)OC(C#N)C1=CC=CC(OC2=CC=CC=C2)=C1	InChI=1/C22H19Cl2NO3/c1-22(2)17(12-19(23)24)20(22)21(26)28-18(13-25)14-7-6-10-16(11-14)27-15-8-4-3-5-9-15/h3-12,17-18,20H,1-2H3	C22H19Cl2NO3	416.3	415.0741989	177	1148.0	202	2584
DTXSID6023999	Cyromazine	66215-27-8	LVQDKIWDGQRHTE-UHFFFAOYSA-N	N~2~-Cyclopropyl-1,3,5-triazine-2,4,6-triamine	NC1=NC(NC2CC2)=NC(N)=N1	InChI=1S/C6H10N6/c7-4-10-5(8)12-6(11-4)9-3-1-2-3/h3H,1-2H2,(H5,7,8,9,10,11,12)	C6H10N6	166.188	166.096694346	125	128.0	145	34
DTXSID0024002	Fenpropathrin	39515-41-8	XQUXKZZNEFRCAW-UHFFFAOYSA-N	Cyano(3-phenoxyphenyl)methyl 2,2,3,3-tetramethylcyclopropane-1-carboxylate	CC1(C)C(C(=O)OC(C#N)C2=CC=CC(OC3=CC=CC=C3)=C2)C1(C)C	InChI=1/C22H23NO3/c1-21(2)19(22(21,3)4)20(24)26-18(14-23)15-9-8-12-17(13-15)25-16-10-6-5-7-11-16/h5-13,18-19H,1-4H3	C22H23NO3	349.43	349.167793605	126	55.0	101	128
DTXSID4024018	Dicamba	1918-00-9	IWEDIXLBFLAXBO-UHFFFAOYSA-N	3,6-Dichloro-2-methoxybenzoic acid	COC1=C(Cl)C=CC(Cl)=C1C(O)=O	InChI=1S/C8H6Cl2O3/c1-13-7-5(10)3-2-4(9)6(7)8(11)12/h2-3H,1H3,(H,11,12)	C8H6Cl2O3	221.03	219.9693995	163	148.0	151	3375
DTXSID7024035	2,4-Dichlorophenoxybutyric acid	94-82-6	YIVXMZJTEQBPQO-UHFFFAOYSA-N	4-(2,4-Dichlorophenoxy)butanoic acid	OC(=O)CCCOC1=CC=C(Cl)C=C1Cl	InChI=1S/C10H10Cl2O3/c11-7-3-4-9(8(12)6-7)15-5-1-2-10(13)14/h3-4,6H,1-2,5H2,(H,13,14)	C10H10Cl2O3	249.09	248.0006996	137	32.0	121	273
DTXSID6024048	Difenzoquat metilsulfate	43222-48-6	XQEMNBNCQVQXMO-UHFFFAOYSA-M	1,2-Dimethyl-3,5-diphenyl-1H-pyrazol-2-ium methyl sulfate	COS([O-])(=O)=O.CN1C(=CC(C2=CC=CC=C2)=[N+]1C)C1=CC=CC=C1	InChI=1S/C17H17N2.CH4O4S/c1-18-16(14-9-5-3-6-10-14)13-17(19(18)2)15-11-7-4-8-12-15;1-5-6(2,3)4/h3-13H,1-2H3;1H3,(H,2,3,4)/q+1;/p-1	C18H20N2O4S	360.43	360.114378306	70	20.0	46	-
DTXSID7024085	Ethephon	16672-87-0	UDPGUMQDCGORJQ-UHFFFAOYSA-N	(2-Chloroethyl)phosphonic acid	OP(O)(=O)CCCl	InChI=1S/C2H6ClO3P/c3-1-2-7(4,5)6/h1-2H2,(H2,4,5,6)	C2H6ClO3P	144.49	143.9743088	115	207.0	93	67
DTXSID1024091	EPTC	759-94-4	GUVLYNGULCJVDO-UHFFFAOYSA-N	S-Ethyl dipropylcarbamothioate	CCCN(CCC)C(=O)SCC	InChI=1S/C9H19NOS/c1-4-7-10(8-5-2)9(11)12-6-3/h4-8H2,1-3H3	C9H19NOS	189.32	189.11873541	152	22.0	87	212
DTXSID3024102	Fenamiphos	22224-92-6	ZCJPOPBZHLUFHF-UHFFFAOYSA-N	Ethyl 3-methyl-4-(methylsulfanyl)phenyl N-propan-2-ylphosphoramidate	CCOP(=O)(NC(C)C)OC1=CC=C(SC)C(C)=C1	InChI=1/C13H22NO3PS/c1-6-16-18(15,14-10(2)3)17-12-7-8-13(19-5)11(4)9-12/h7-10H,6H2,1-5H3,(H,14,15)	C13H22NO3PS	303.36	303.105801744	150	58.0	78	135
DTXSID8024109	Flutolanil	66332-96-5	PTCGDEVVHUXTMP-UHFFFAOYSA-N	N-{3-[(Propan-2-yl)oxy]phenyl}-2-(trifluoromethyl)benzamide	CC(C)OC1=CC(NC(=O)C2=C(C=CC=C2)C(F)(F)F)=CC=C1	InChI=1S/C17H16F3NO2/c1-11(2)23-13-7-5-6-12(10-13)21-16(22)14-8-3-4-9-15(14)17(18,19)20/h3-11H,1-2H3,(H,21,22)	C17H16F3NO2	323.315	323.113313248	131	6.0	79	23
DTXSID4024145	Hexazinone	51235-04-2	CAWXEEYDBZRFPE-UHFFFAOYSA-N	3-Cyclohexyl-6-(dimethylamino)-1-methyl-1,3,5-triazine-2,4(1H,3H)-dione	CN(C)C1=NC(=O)N(C2CCCCC2)C(=O)N1C	InChI=1S/C12H20N4O2/c1-14(2)10-13-11(17)16(12(18)15(10)3)9-7-5-4-6-8-9/h9H,4-8H2,1-3H3	C12H20N4O2	252.318	252.1586259	162	56.0	86	442
DTXSID8024151	Imazalil	35554-44-0	PZBPKYOVPCNPJY-UHFFFAOYSA-N	1-{2-(2,4-Dichlorophenyl)-2-[(prop-2-en-1-yl)oxy]ethyl}-1H-imidazole	ClC1=CC(Cl)=C(C=C1)C(CN1C=CN=C1)OCC=C	InChI=1/C14H14Cl2N2O/c1-2-7-19-14(9-18-6-5-17-10-18)12-4-3-11(15)8-13(12)16/h2-6,8,10,14H,1,7,9H2	C14H14Cl2N2O	297.18	296.0483185	163	146.0	139	64
DTXSID3024152	Imazaquin	81335-37-7	CABMTIJINOIHOD-UHFFFAOYSA-N	2-[4-Methyl-5-oxo-4-(propan-2-yl)-4,5-dihydro-1H-imidazol-2-yl]quinoline-3-carboxylic acid	CC(C)C1(C)N=C(NC1=O)C1=NC2=C(C=CC=C2)C=C1C(O)=O	InChI=1/C17H17N3O3/c1-9(2)17(3)16(23)19-14(20-17)13-11(15(21)22)8-10-6-4-5-7-12(10)18-13/h4-9H,1-3H3,(H,21,22)(H,19,20,23)	C17H17N3O3	311.341	311.126991419	118	42.0	92	37
DTXSID3024154	Iprodione	36734-19-7	ONUFESLQCSAYKA-UHFFFAOYSA-N	3-(3,5-Dichlorophenyl)-2,4-dioxo-N-(propan-2-yl)imidazolidine-1-carboxamide	CC(C)NC(=O)N1CC(=O)N(C1=O)C1=CC(Cl)=CC(Cl)=C1	InChI=1S/C13H13Cl2N3O3/c1-7(2)16-12(20)17-6-11(19)18(13(17)21)10-4-8(14)3-9(15)5-10/h3-5,7H,6H2,1-2H3,(H,16,20)	C13H13Cl2N3O3	330.17	329.0333967	158	100.0	105	1075
DTXSID8024159	Isoxaben	82558-50-7	PMHURSZHKKJGBM-UHFFFAOYSA-N	2,6-Dimethoxy-N-[3-(3-methylpentan-3-yl)-1,2-oxazol-5-yl]benzamide	CCC(C)(CC)C1=NOC(NC(=O)C2=C(OC)C=CC=C2OC)=C1	InChI=1S/C18H24N2O4/c1-6-18(3,7-2)14-11-15(24-20-14)19-17(21)16-12(22-4)9-8-10-13(16)23-5/h8-11H,6-7H2,1-5H3,(H,19,21)	C18H24N2O4	332.4	332.173607261	134	43.0	63	24
DTXSID7024160	Lactofen	77501-63-4	CONWAEURSVPLRM-UHFFFAOYSA-N	1-Ethoxy-1-oxopropan-2-yl 5-[2-chloro-4-(trifluoromethyl)phenoxy]-2-nitrobenzoate	CCOC(=O)C(C)OC(=O)C1=C(C=CC(OC2=C(Cl)C=C(C=C2)C(F)(F)F)=C1)[N+]([O-])=O	InChI=1/C19H15ClF3NO7/c1-3-29-17(25)10(2)30-18(26)13-9-12(5-6-15(13)24(27)28)31-16-7-4-11(8-14(16)20)19(21,22)23/h4-10H,3H2,1-2H3	C19H15ClF3NO7	461.77	461.048914	103	11.0	76	38
DTXSID2024163	Linuron	330-55-2	XKJMBINCVNINCA-UHFFFAOYSA-N	N'-(3,4-Dichlorophenyl)-N-methoxy-N-methylurea	CON(C)C(=O)NC1=CC=C(Cl)C(Cl)=C1	InChI=1S/C9H10Cl2N2O2/c1-13(15-2)9(14)12-6-3-4-7(10)8(11)5-6/h3-5H,1-2H3,(H,12,14)	C9H10Cl2N2O2	249.09	248.011933	177	229.0	102	89
DTXSID1024170	1,1-Dimethylpiperidinium chloride	24307-26-4	VHOVSQVSAAQANU-UHFFFAOYSA-M	1,1-Dimethylpiperidin-1-ium chloride	[Cl-].C[N+]1(C)CCCCC1	InChI=1S/C7H16N.ClH/c1-8(2)6-4-3-5-7-8;/h3-7H2,1-2H3;1H/q+1;/p-1	C7H16ClN	149.66	149.0971272	91	27.0	92	30
DTXSID1024174	Tribufos	78-48-8	ZOKXUAHZSKEQSS-UHFFFAOYSA-N	S,S,S-Tributyl phosphorotrithioate	CCCCSP(=O)(SCCCC)SCCCC	InChI=1S/C12H27OPS3/c1-4-7-10-15-14(13,16-11-8-5-2)17-12-9-6-3/h4-12H2,1-3H3	C12H27OPS3	314.5	314.096166009	134	73.0	84	52
DTXSID6024175	Metalaxyl	57837-19-1	ZQEIXNIJLIKNTD-UHFFFAOYSA-N	Methyl N-(2,6-dimethylphenyl)-N-(methoxyacetyl)alaninate	COCC(=O)N(C(C)C(=O)OC)C1=C(C)C=CC=C1C	InChI=1/C15H21NO4/c1-10-7-6-8-11(2)14(10)16(13(17)9-19-4)12(3)15(18)20-5/h6-8,12H,9H2,1-5H3	C15H21NO4	279.336	279.14705816	148	171.0	104	852
DTXSID6024177	Methamidophos	10265-92-6	NNKVPIKMPCQWCG-UHFFFAOYSA-N	O,S-Dimethyl phosphoramidothioate	COP(N)(=O)SC	InChI=1/C2H8NO2PS/c1-5-6(3,4)7-2/h1-2H3,(H2,3,4)	C2H8NO2PS	141.12	141.001336674	148	259.0	106	179
DTXSID5024182	2-Methoxyethanol	109-86-4	XNWFRZJHXBZDAG-UHFFFAOYSA-N	2-Methoxyethan-1-ol	COCCO	InChI=1S/C3H8O2/c1-5-3-2-4/h4H,2-3H2,1H3	C3H8O2	76.095	76.052429498	178	233.0	407	870
DTXSID4024195	MCPA	94-74-6	WHKUVVPPKQRRBV-UHFFFAOYSA-N	(4-Chloro-2-methylphenoxy)acetic acid	CC1=C(OCC(O)=O)C=CC(Cl)=C1	InChI=1S/C9H9ClO3/c1-6-4-7(10)2-3-8(6)13-5-9(11)12/h2-4H,5H2,1H3,(H,11,12)	C9H9ClO3	200.62	200.0240218	171	419.0	132	441
DTXSID6024204	Metribuzin	21087-64-9	FOXFZRUHNHCZPX-UHFFFAOYSA-N	4-Amino-6-tert-butyl-3-(methylsulfanyl)-1,2,4-triazin-5(4H)-one	CSC1=NN=C(C(=O)N1N)C(C)(C)C	InChI=1S/C8H14N4OS/c1-8(2,3)5-6(13)12(9)7(14-4)11-10-5/h9H2,1-4H3	C8H14N4OS	214.29	214.088832261	164	126.0	116	1105
DTXSID6024206	Molinate	2212-67-1	DEDOPGXGGQYYMW-UHFFFAOYSA-N	S-Ethyl azepane-1-carbothioate	CCSC(=O)N1CCCCCC1	InChI=1S/C9H17NOS/c1-2-12-9(11)10-7-5-3-4-6-8-10/h2-8H2,1H3	C9H17NOS	187.3	187.103085345	160	87.0	84	50
DTXSID1024209	Naled	300-76-5	BUYMVQAILCEWRR-UHFFFAOYSA-N	1,2-Dibromo-2,2-dichloroethyl dimethyl phosphate	COP(=O)(OC)OC(Br)C(Cl)(Cl)Br	InChI=1/C4H7Br2Cl2O4P/c1-10-13(9,11-2)12-3(5)4(6,7)8/h3H,1-2H3	C4H7Br2Cl2O4P	380.78	377.782577	139	77.0	92	448
DTXSID5024211	Napropamide	15299-99-7	WXZVAROIGSFCFJ-UHFFFAOYSA-N	N,N-Diethyl-2-[(naphthalen-1-yl)oxy]propanamide	CCN(CC)C(=O)C(C)OC1=C2C=CC=CC2=CC=C1	InChI=1/C17H21NO2/c1-4-18(5-2)17(19)13(3)20-16-12-8-10-14-9-6-7-11-15(14)16/h6-13H,4-5H2,1-3H3	C17H21NO2	271.36	271.15722892	136	22.0	90	68
DTXSID0024216	Nitrapyrin	1929-82-4	DCUJJWWUNKIJPH-UHFFFAOYSA-N	2-Chloro-6-(trichloromethyl)pyridine	ClC1=CC=CC(=N1)C(Cl)(Cl)Cl	InChI=1S/C6H3Cl4N/c7-5-3-1-2-4(11-5)6(8,9)10/h1-3H	C6H3Cl4N	230.9	228.9019599	134	22.0	136	8
DTXSID8024234	Norflurazon	27314-13-2	NVGOPFQZYCNLDU-UHFFFAOYSA-N	4-Chloro-5-(methylamino)-2-[3-(trifluoromethyl)phenyl]pyridazin-3(2H)-one	CNC1=C(Cl)C(=O)N(N=C1)C1=CC=CC(=C1)C(F)(F)F	InChI=1S/C12H9ClF3N3O/c1-17-9-6-18-19(11(20)10(9)13)8-4-2-3-7(5-8)12(14,15)16/h2-6,17H,1H3	C12H9ClF3N3O	303.67	303.0386241	134	139.0	75	387
DTXSID3024235	Flusilazole	85509-19-9	FQKUGOMFVDPBIZ-UHFFFAOYSA-N	1-{[Bis(4-fluorophenyl)(methyl)silyl]methyl}-1H-1,2,4-triazole	C[Si](CN1C=NC=N1)(C1=CC=C(F)C=C1)C1=CC=C(F)C=C1	InChI=1S/C16H15F2N3Si/c1-22(12-21-11-19-10-20-21,15-6-2-13(17)3-7-15)16-8-4-14(18)5-9-16/h2-11H,12H2,1H3	C16H15F2N3Si	315.399	315.100330356	127	22.0	79	5
DTXSID8024238	Oryzalin	19044-88-3	UNAHYJYOSSSJHH-UHFFFAOYSA-N	4-(Dipropylamino)-3,5-dinitrobenzene-1-sulfonamide	CCCN(CCC)C1=C(C=C(C=C1[N+]([O-])=O)S(N)(=O)=O)[N+]([O-])=O	InChI=1S/C12H18N4O6S/c1-3-5-14(6-4-2)12-10(15(17)18)7-9(23(13,21)22)8-11(12)16(19)20/h7-8H,3-6H2,1-2H3,(H2,13,21,22)	C12H18N4O6S	346.36	346.09470549	144	198.0	76	1032
DTXSID3024239	Oxadiazon	19666-30-9	CHNUNORXWHYHNE-UHFFFAOYSA-N	5-tert-Butyl-3-{2,4-dichloro-5-[(propan-2-yl)oxy]phenyl}-1,3,4-oxadiazol-2(3H)-one	CC(C)OC1=CC(N2N=C(OC2=O)C(C)(C)C)=C(Cl)C=C1Cl	InChI=1S/C15H18Cl2N2O3/c1-8(2)21-12-7-11(9(16)6-10(12)17)19-14(20)22-13(18-19)15(3,4)5/h6-8H,1-5H3	C15H18Cl2N2O3	345.22	344.0694478	149	30.0	97	80
DTXSID7024241	Oxyfluorfen	42874-03-3	OQMBBFQZGJFLBU-UHFFFAOYSA-N	2-Chloro-1-(3-ethoxy-4-nitrophenoxy)-4-(trifluoromethyl)benzene	CCOC1=CC(OC2=CC=C(C=C2Cl)C(F)(F)F)=CC=C1[N+]([O-])=O	InChI=1S/C15H11ClF3NO4/c1-2-23-14-8-10(4-5-12(14)20(21)22)24-13-6-3-9(7-11(13)16)15(17,18)19/h3-8H,2H2,1H3	C15H11ClF3NO4	361.7	361.03287	148	46.0	89	336
DTXSID2024242	Paclobutrazol	76738-62-0	RMOGWMIKYWRTKW-KGLIPLIRSA-N	rel-(2R,3R)-1-(4-Chlorophenyl)-4,4-dimethyl-2-(1H-1,2,4-triazol-1-yl)pentan-3-ol	CC(C)(C)[C@@H](O)[C@@H](CC1=CC=C(Cl)C=C1)N1C=NC=N1	InChI=1/C15H20ClN3O/c1-15(2,3)14(20)13(19-10-17-9-18-19)8-11-4-6-12(16)7-5-11/h4-7,9-10,13-14,20H,8H2,1-3H3/t13-,14+/s2	C15H20ClN3O	293.8	293.12949	114	139.0	-	36
DTXSID7024245	Pendimethalin	40487-42-1	CHIFOSRWCNZCFN-UHFFFAOYSA-N	3,4-Dimethyl-2,6-dinitro-N-(pentan-3-yl)aniline	CCC(CC)NC1=C(C(C)=C(C)C=C1[N+]([O-])=O)[N+]([O-])=O	InChI=1S/C13H19N3O4/c1-5-10(6-2)14-12-11(15(17)18)7-8(3)9(4)13(12)16(19)20/h7,10,14H,5-6H2,1-4H3	C13H19N3O4	281.312	281.137556104	167	96.0	75	4032
DTXSID1024259	Phosalone	2310-17-0	IOUNQDKNJZEDEP-UHFFFAOYSA-N	S-[(6-Chloro-2-oxo-1,3-benzoxazol-3(2H)-yl)methyl] O,O-diethyl phosphorodithioate	CCOP(=S)(OCC)SCN1C(=O)OC2=CC(Cl)=CC=C12	InChI=1S/C12H15ClNO4PS2/c1-3-16-19(20,17-4-2)21-8-14-10-6-5-9(13)7-11(10)18-12(14)15/h5-7H,3-4,8H2,1-2H3	C12H15ClNO4PS2	367.8	366.986865	131	67.0	131	15
DTXSID0024266	Pirimiphos-methyl	29232-93-7	QHOQHJPRIBSPCY-UHFFFAOYSA-N	O-[2-(Diethylamino)-6-methylpyrimidin-4-yl] O,O-dimethyl phosphorothioate	CCN(CC)C1=NC(OP(=S)(OC)OC)=CC(C)=N1	InChI=1S/C11H20N3O3PS/c1-6-14(7-2)11-12-9(3)8-10(13-11)17-18(19,15-4)16-5/h8H,6-7H2,1-5H3	C11H20N3O3PS	305.33	305.096299688	139	139.0	68	16
DTXSID4024270	Prochloraz	67747-09-5	TVLSRXXIMLFWEO-UHFFFAOYSA-N	N-Propyl-N-[2-(2,4,6-trichlorophenoxy)ethyl]-1H-imidazole-1-carboxamide	CCCN(CCOC1=C(Cl)C=C(Cl)C=C1Cl)C(=O)N1C=CN=C1	InChI=1S/C15H16Cl3N3O2/c1-2-4-20(15(22)21-5-3-19-10-21)6-7-23-14-12(17)8-11(16)9-13(14)18/h3,5,8-10H,2,4,6-7H2,1H3	C15H16Cl3N3O2	376.66	375.0308099	144	124.0	99	5
DTXSID4024272	Prometryn	7287-19-6	AAEVYOVXGOFMJO-UHFFFAOYSA-N	6-(Methylsulfanyl)-N~2~,N~4~-di(propan-2-yl)-1,3,5-triazine-2,4-diamine	CSC1=NC(NC(C)C)=NC(NC(C)C)=N1	InChI=1S/C10H19N5S/c1-6(2)11-8-13-9(12-7(3)4)15-10(14-8)16-5/h6-7H,1-5H3,(H2,11,12,13,14,15)	C10H19N5S	241.36	241.136116806	147	103.0	127	220
DTXSID4024276	Propargite	2312-35-8	ZYHMJXZULPZUED-UHFFFAOYSA-N	2-(4-tert-Butylphenoxy)cyclohexyl prop-2-yn-1-yl sulfite	CC(C)(C)C1=CC=C(OC2CCCCC2OS(=O)OCC#C)C=C1	InChI=1/C19H26O4S/c1-5-14-21-24(20)23-18-9-7-6-8-17(18)22-16-12-10-15(11-13-16)19(2,3)4/h1,10-13,17-18H,6-9,14H2,2-4H3	C19H26O4S	350.47	350.155180491	140	33.0	126	113
DTXSID8024280	Propiconazole	60207-90-1	STJLVHWMYQXCPB-UHFFFAOYSA-N	1-{[2-(2,4-Dichlorophenyl)-4-propyl-1,3-dioxolan-2-yl]methyl}-1H-1,2,4-triazole	CCCC1COC(CN2C=NC=N2)(O1)C1=C(Cl)C=C(Cl)C=C1	InChI=1/C15H17Cl2N3O2/c1-2-3-12-7-21-15(22-12,8-20-10-18-9-19-20)13-5-4-11(16)6-14(13)17/h4-6,9-10,12H,2-3,7-8H2,1H3	C15H17Cl2N3O2	342.22	341.0697822	179	179.0	123	308
DTXSID3024287	Imazethapyr	81335-77-5	XVOKUMIPKHGGTN-UHFFFAOYSA-N	5-Ethyl-2-[4-methyl-5-oxo-4-(propan-2-yl)-4,5-dihydro-1H-imidazol-2-yl]pyridine-3-carboxylic acid	CCC1=CN=C(C2=NC(C)(C(C)C)C(=O)N2)C(=C1)C(O)=O	InChI=1/C15H19N3O3/c1-5-9-6-10(13(19)20)11(16-7-9)12-17-14(21)15(4,18-12)8(2)3/h6-8H,5H2,1-4H3,(H,19,20)(H,17,18,21)	C15H19N3O3	289.335	289.142641484	109	68.0	93	60
DTXSID7024299	Hexythiazox	78587-05-0	XGWIJUOSCAQSSV-XHDPSFHLSA-N	rel-(4R,5R)-5-(4-Chlorophenyl)-N-cyclohexyl-4-methyl-2-oxo-1,3-thiazolidine-3-carboxamide	C[C@H]1[C@@H](SC(=O)N1C(=O)NC1CCCCC1)C1=CC=C(Cl)C=C1	InChI=1/C17H21ClN2O2S/c1-11-15(12-7-9-13(18)10-8-12)23-17(22)20(11)16(21)19-14-5-3-2-4-6-14/h7-11,14-15H,2-6H2,1H3,(H,19,21)/t11-,15+/s2	C17H21ClN2O2S	352.88	352.1012268	104	6.0	55	51
DTXSID9024304	Sethoxydim	74051-80-2	CSPPKDPQLUUTND-UHFFFAOYSA-N	2-(N-Ethoxybutanimidoyl)-5-[2-(ethylsulfanyl)propyl]-3-hydroxycyclohex-2-en-1-one	CCCC(=NOCC)C1=C(O)CC(CC(C)SCC)CC1=O	InChI=1/C17H29NO3S/c1-5-8-14(18-21-6-2)17-15(19)10-13(11-16(17)20)9-12(4)22-7-3/h12-13,19H,5-11H2,1-4H3	C17H29NO3S	327.48	327.186814972	104	23.0	-	146
DTXSID8024315	Myclobutanil	88671-89-0	HZJKXKUJVSEEFU-UHFFFAOYSA-N	2-(4-Chlorophenyl)-2-[(1H-1,2,4-triazol-1-yl)methyl]hexanenitrile	CCCCC(CN1C=NC=N1)(C#N)C1=CC=C(Cl)C=C1	InChI=1/C15H17ClN4/c1-2-3-8-15(9-17,10-20-12-18-11-19-20)13-4-6-14(16)7-5-13/h4-7,11-12H,2-3,8,10H2,1H3	C15H17ClN4	288.78	288.1141743	163	55.0	112	209
DTXSID3024316	Tebuthiuron	34014-18-1	HBPDKDSFLXWOAE-UHFFFAOYSA-N	N-(5-tert-Butyl-1,3,4-thiadiazol-2-yl)-N,N'-dimethylurea	CNC(=O)N(C)C1=NN=C(S1)C(C)(C)C	InChI=1S/C9H16N4OS/c1-9(2,3)6-11-12-8(15-6)13(5)7(14)10-4/h1-5H3,(H,10,14)	C9H16N4OS	228.31	228.104482325	133	12.0	130	272
DTXSID8024317	Terbacil	5902-51-2	NBQCNZYJJMBDKY-UHFFFAOYSA-N	3-tert-Butyl-5-chloro-6-methylpyrimidine-2,4(1H,3H)-dione	CC1=C(Cl)C(=O)N(C(=O)N1)C(C)(C)C	InChI=1S/C9H13ClN2O2/c1-5-6(10)7(13)12(8(14)11-5)9(2,3)4/h1-4H3,(H,11,14)	C9H13ClN2O2	216.67	216.0665554	137	10.0	78	108
DTXSID6024337	Thiobencarb	28249-77-6	QHTQREMOGMZHJV-UHFFFAOYSA-N	S-[(4-Chlorophenyl)methyl] diethylcarbamothioate	CCN(CC)C(=O)SCC1=CC=C(Cl)C=C1	InChI=1S/C12H16ClNOS/c1-3-14(4-2)12(15)16-9-10-5-7-11(13)8-6-10/h5-8H,3-4,9H2,1-2H3	C12H16ClNOS	257.78	257.064113	131	72.0	71	12
DTXSID1024338	Thiophanate-methyl	23564-05-8	QGHREAKMXXNCOA-UHFFFAOYSA-N	Dimethyl (1,2-phenylenedicarbamothioyl)biscarbamate	COC(=O)NC(=S)NC1=C(NC(=S)NC(=O)OC)C=CC=C1	InChI=1S/C12H14N4O4S2/c1-19-11(17)15-9(21)13-7-5-3-4-6-8(7)14-10(22)16-12(18)20-2/h3-6H,1-2H3,(H2,13,15,17,21)(H2,14,16,18,22)	C12H14N4O4S2	342.39	342.045647295	143	85.0	127	616
DTXSID5024344	Tri-allate	2303-17-5	MWBPRDONLNQCFV-UHFFFAOYSA-N	S-(2,3,3-Trichloroprop-2-en-1-yl) dipropan-2-ylcarbamothioate	CC(C)N(C(C)C)C(=O)SCC(Cl)=C(Cl)Cl	InChI=1S/C10H16Cl3NOS/c1-6(2)14(7(3)4)10(15)16-5-8(11)9(12)13/h6-7H,5H2,1-4H3	C10H16Cl3NOS	304.65	303.0018184	140	38.0	95	40
DTXSID2024793	Chloroneb	2675-77-6	PFIADAMVCJPXSF-UHFFFAOYSA-N	1,4-Dichloro-2,5-dimethoxybenzene	COC1=CC(Cl)=C(OC)C=C1Cl	InChI=1S/C8H8Cl2O2/c1-11-7-3-6(10)8(12-2)4-5(7)9/h3-4H,1-2H3	C8H8Cl2O2	207.05	205.9901349	123	6.0	89	56
DTXSID7024902	Dazomet	533-74-4	QAYICIQNSGETAS-UHFFFAOYSA-N	3,5-Dimethyl-1,3,5-thiadiazinane-2-thione	CN1CSC(=S)N(C)C1	InChI=1S/C5H10N2S2/c1-6-3-7(2)5(8)9-4-6/h3-4H2,1-2H3	C5H10N2S2	162.27	162.028540678	149	28.0	112	30
DTXSID8025599	Methylene bis(thiocyanate)	6317-18-6	JWZXKXIUSSIAMR-UHFFFAOYSA-N	Methylene bis(thiocyanate)	N#CSCSC#N	InChI=1S/C3H2N2S2/c4-1-6-3-7-2-5/h3H2	C3H2N2S2	130.18	129.96594042	113	6.0	90	64
DTXSID2025680	MEHP	4376-20-9	DJDSLBVSSOQSLW-UHFFFAOYSA-N	2-{[(2-Ethylhexyl)oxy]carbonyl}benzoic acid	CCCCC(CC)COC(=O)C1=CC=CC=C1C(O)=O	InChI=1/C16H22O4/c1-3-5-8-12(4-2)11-20-16(19)14-10-7-6-9-13(14)15(17)18/h6-7,9-10,12H,3-5,8,11H2,1-2H3,(H,17,18)	C16H22O4	278.348	278.151809188	95	332.0	104	8
DTXSID2026523	Symclosene	87-90-1	YRIZYWQGELRKNT-UHFFFAOYSA-N	1,3,5-Trichloro-1,3,5-triazinane-2,4,6-trione	ClN1C(=O)N(Cl)C(=O)N(Cl)C1=O	InChI=1S/C3Cl3N3O3/c4-7-1(10)8(5)3(12)9(6)2(7)11	C3Cl3N3O3	232.4	230.900524	117	8.0	130	240
DTXSID2027204	Methyl isothiocyanate	556-61-6	LGDSHSYDSCRFAB-UHFFFAOYSA-N	Isothiocyanatomethane	CN=C=S	InChI=1S/C2H3NS/c1-3-2-4/h1H3	C2H3NS	73.11	72.998620275	137	60.0	110	15
DTXSID0028038	3-Iodo-2-propynyl-N-butylcarbamate	55406-53-6	WYVVKGNFXHOCQV-UHFFFAOYSA-N	3-Iodoprop-2-yn-1-yl butylcarbamate	CCCCNC(=O)OCC#CI	InChI=1S/C8H12INO2/c1-2-3-6-10-8(11)12-7-4-5-9/h2-3,6-7H2,1H3,(H,10,11)	C8H12INO2	281.093	280.99127	140	34.0	105	1152
DTXSID9029221	Clopyralid	1702-17-6	HUBANNPOLNYSAD-UHFFFAOYSA-N	3,6-Dichloropyridine-2-carboxylic acid	OC(=O)C1=C(Cl)C=CC(Cl)=N1	InChI=1S/C6H3Cl2NO2/c7-3-1-2-4(8)9-5(3)6(10)11/h1-2H,(H,10,11)	C6H3Cl2NO2	192.0	190.9540837	143	27.0	145	58
DTXSID7031248	Diquat dibromide monohydrate	6385-62-2	KLJOSQAQZMLLMB-UHFFFAOYSA-L	6,7-Dihydrodipyrido[1,2-a:2',1'-c]pyrazine-5,8-diium bromide--water (1/2/1)	O.[Br-].[Br-].C1C[N+]2=C(C=CC=C2)C2=[N+]1C=CC=C2	InChI=1S/C12H12N2.2BrH.H2O/c1-3-7-13-9-10-14-8-4-2-6-12(14)11(13)5-1;;;/h1-8H,9-10H2;2*1H;1H2/q+2;;;/p-2	C12H14Br2N2O	362.065	359.947289	43	-	39	1
DTXSID3031864	Perfluorooctanesulfonic acid	1763-23-1	YFSUTJLHUFNCNZ-UHFFFAOYSA-N	Heptadecafluorooctane-1-sulfonic acid	OS(=O)(=O)C(F)(F)C(F)(F)C(F)(F)C(F)(F)C(F)(F)C(F)(F)C(F)(F)C(F)(F)F	InChI=1S/C8HF17O3S/c9-1(10,3(13,14)5(17,18)7(21,22)23)2(11,12)4(15,16)6(19,20)8(24,25)29(26,27)28/h(H,26,27,28)	C8HF17O3S	500.13	499.937493837	164	1124.0	88	1
DTXSID8031865	Perfluorooctanoic acid	335-67-1	SNGREZUHAYWORS-UHFFFAOYSA-N	Pentadecafluorooctanoic acid	OC(=O)C(F)(F)C(F)(F)C(F)(F)C(F)(F)C(F)(F)C(F)(F)C(F)(F)F	InChI=1S/C8HF15O2/c9-2(10,1(24)25)3(11,12)4(13,14)5(15,16)6(17,18)7(19,20)8(21,22)23/h(H,24,25)	C8HF15O2	414.07	413.973701717	182	1179.0	139	2
DTXSID9032327	Bendiocarb	22781-23-3	XEGGRYVFLWGFHI-UHFFFAOYSA-N	2,2-Dimethyl-2H-1,3-benzodioxol-4-yl methylcarbamate	CNC(=O)OC1=CC=CC2=C1OC(C)(C)O2	InChI=1S/C11H13NO4/c1-11(2)15-8-6-4-5-7(9(8)16-11)14-10(13)12-3/h4-6H,1-3H3,(H,12,13)	C11H13NO4	223.228	223.084457903	138	109.0	110	160
DTXSID9032329	Bensulide	741-58-2	RRNIZKPFKNDSRS-UHFFFAOYSA-N	S-{2-[(Benzenesulfonyl)amino]ethyl} O,O-dipropan-2-yl phosphorodithioate	CC(C)OP(=S)(OC(C)C)SCCNS(=O)(=O)C1=CC=CC=C1	InChI=1S/C14H24NO4PS3/c1-12(2)18-20(21,19-13(3)4)22-11-10-15-23(16,17)14-8-6-5-7-9-14/h5-9,12-13,15H,10-11H2,1-4H3	C14H24NO4PS3	397.5	397.060508777	128	4.0	53	154
DTXSID3032337	Butralin	33629-47-9	SPNQRCTZKIBOAX-UHFFFAOYSA-N	N-(Butan-2-yl)-4-tert-butyl-2,6-dinitroaniline	CCC(C)NC1=C(C=C(C=C1[N+]([O-])=O)C(C)(C)C)[N+]([O-])=O	InChI=1/C14H21N3O4/c1-6-9(2)15-13-11(16(18)19)7-10(14(3,4)5)8-12(13)17(20)21/h7-9,15H,6H2,1-5H3	C14H21N3O4	295.339	295.153206168	115	4.0	64	3
DTXSID2032344	Chlorethoxyfos	54593-83-8	XFDJMIHUAHSGKG-UHFFFAOYSA-N	O,O-Diethyl O-(1,2,2,2-tetrachloroethyl) phosphorothioate	CCOP(=S)(OCC)OC(Cl)C(Cl)(Cl)Cl	InChI=1/C6H11Cl4O3PS/c1-3-11-14(15,12-4-2)13-5(7)6(8,9)10/h5H,3-4H2,1-2H3	C6H11Cl4O3PS	335.98	333.8920632	88	-	48	12
DTXSID6032352	Chlorpyrifos-methyl	5598-13-0	HRBKVYFZANMGRE-UHFFFAOYSA-N	O,O-Dimethyl O-(3,5,6-trichloropyridin-2-yl) phosphorothioate	COP(=S)(OC)OC1=NC(Cl)=C(Cl)C=C1Cl	InChI=1S/C7H7Cl3NO3PS/c1-12-15(16,13-2)14-7-5(9)3-4(8)6(10)11-7/h3H,1-2H3	C7H7Cl3NO3PS	322.52	320.8949844	145	72.0	62	34
DTXSID6032354	Clodinafop-propargyl	105512-06-9	JBDHZKLJNAIJNC-LLVKDONJSA-N	Prop-2-yn-1-yl (2R)-2-{4-[(5-chloro-3-fluoropyridin-2-yl)oxy]phenoxy}propanoate	C[C@@H](OC1=CC=C(OC2=NC=C(Cl)C=C2F)C=C1)C(=O)OCC#C	InChI=1S/C17H13ClFNO4/c1-3-8-22-17(21)11(2)23-13-4-6-14(7-5-13)24-16-15(19)9-12(18)10-20-16/h1,4-7,9-11H,8H2,2H3/t11-/m1/s1	C17H13ClFNO4	349.74	349.0517138	101	12.0	80	2
DTXSID1032355	Clomazone	81777-89-1	KIEDNEWSYUYDSN-UHFFFAOYSA-N	2-[(2-Chlorophenyl)methyl]-4,4-dimethyl-1,2-oxazolidin-3-one	CC1(C)CON(CC2=C(Cl)C=CC=C2)C1=O	InChI=1S/C12H14ClNO2/c1-12(2)8-16-14(11(12)15)7-9-5-3-4-6-10(9)13/h3-6H,7-8H2,1-2H3	C12H14ClNO2	239.7	239.0713064	133	58.0	88	41
DTXSID6032356	Cycloate	1134-23-2	DFCAFRGABIXSDS-UHFFFAOYSA-N	S-Ethyl cyclohexyl(ethyl)carbamothioate	CCSC(=O)N(CC)C1CCCCC1	InChI=1S/C11H21NOS/c1-3-12(11(13)14-4-2)10-8-6-5-7-9-10/h10H,3-9H2,1-2H3	C11H21NOS	215.36	215.134385474	125	9.0	60	27
DTXSID6032358	Cymoxanil	57966-95-7	XERJKGMBORTKEO-VZUCSPMQSA-N	(2E)-2-Cyano-N-(ethylcarbamoyl)-2-(methoxyimino)acetamide	CCNC(=O)NC(=O)C(=N\OC)\C#N	InChI=1S/C7H10N4O3/c1-3-9-7(13)10-6(12)5(4-8)11-14-2/h3H2,1-2H3,(H2,9,10,12,13)/b11-5+	C7H10N4O3	198.182	198.075290198	122	28.0	70	21
DTXSID1032359	Cyprodinil	121552-61-2	HAORKNGNJCEJBX-UHFFFAOYSA-N	4-Cyclopropyl-6-methyl-N-phenylpyrimidin-2-amine	CC1=NC(NC2=CC=CC=C2)=NC(=C1)C1CC1	InChI=1S/C14H15N3/c1-10-9-13(11-7-8-11)17-14(15-10)16-12-5-3-2-4-6-12/h2-6,9,11H,7-8H2,1H3,(H,15,16,17)	C14H15N3	225.295	225.126597495	135	50.0	73	139
DTXSID5032365	Dichlobenil	1194-65-6	YOYAIZYFCNQIRF-UHFFFAOYSA-N	2,6-Dichlorobenzonitrile	ClC1=CC=CC(Cl)=C1C#N	InChI=1S/C7H3Cl2N/c8-6-2-1-3-7(9)5(6)4-10/h1-3H	C7H3Cl2N	172.01	170.9642545	148	107.0	182	220
DTXSID4032372	Difenoconazole	119446-68-3	BQYJATMQXGBDHF-UHFFFAOYSA-N	1-({2-[2-Chloro-4-(4-chlorophenoxy)phenyl]-4-methyl-1,3-dioxolan-2-yl}methyl)-1H-1,2,4-triazole	CC1COC(CN2C=NC=N2)(O1)C1=C(Cl)C=C(OC2=CC=C(Cl)C=C2)C=C1	InChI=1/C19H17Cl2N3O3/c1-13-9-25-19(27-13,10-24-12-22-11-23-24)17-7-6-16(8-18(17)21)26-15-4-2-14(20)3-5-15/h2-8,11-13H,9-10H2,1H3	C19H17Cl2N3O3	406.26	405.0646968	131	44.0	92	59
DTXSID4032376	Dimethenamid	87674-68-8	JLYFCTQDENRSOL-UHFFFAOYSA-N	2-Chloro-N-(2,4-dimethylthiophen-3-yl)-N-(1-methoxypropan-2-yl)acetamide	COCC(C)N(C(=O)CCl)C1=C(C)SC=C1C	InChI=1/C12H18ClNO2S/c1-8-7-17-10(3)12(8)14(11(15)5-13)9(2)6-16-4/h7,9H,5-6H2,1-4H3	C12H18ClNO2S	275.79	275.0746777	115	-	-	48
DTXSID9032379	Dithiopyr	97886-45-8	YUBJPYNSGLJZPQ-UHFFFAOYSA-N	S~3~,S~5~-Dimethyl 2-(difluoromethyl)-4-(2-methylpropyl)-6-(trifluoromethyl)pyridine-3,5-dicarbothioate	CSC(=O)C1=C(N=C(C(C(=O)SC)=C1CC(C)C)C(F)(F)F)C(F)F	InChI=1S/C15H16F5NO2S2/c1-6(2)5-7-8(13(22)24-3)10(12(16)17)21-11(15(18,19)20)9(7)14(23)25-4/h6,12H,5H2,1-4H3	C15H16F5NO2S2	401.41	401.054261922	108	7.0	54	9
DTXSID8032386	N-Ethyl-N-(2-methyl-2-propenyl)-2,6-dinitro-4-(trifluoromethyl)benzenamine	55283-68-6	PTFJIKYUEPWBMS-UHFFFAOYSA-N	N-Ethyl-N-(2-methylprop-2-en-1-yl)-2,6-dinitro-4-(trifluoromethyl)aniline	CCN(CC(C)=C)C1=C(C=C(C=C1[N+]([O-])=O)C(F)(F)F)[N+]([O-])=O	InChI=1S/C13H14F3N3O4/c1-4-17(7-8(2)3)12-10(18(20)21)5-9(13(14,15)16)6-11(12)19(22)23/h5-6H,2,4,7H2,1,3H3	C13H14F3N3O4	333.267	333.093640432	113	9.0	56	26
DTXSID2032390	Fenarimol	60168-88-9	NHOWDZOIZKMVAI-UHFFFAOYSA-N	(2-Chlorophenyl)(4-chlorophenyl)(pyrimidin-5-yl)methanol	OC(C1=CC=C(Cl)C=C1)(C1=CN=CN=C1)C1=CC=CC=C1Cl	InChI=1/C17H12Cl2N2O/c18-14-7-5-12(6-8-14)17(22,13-9-20-11-21-10-13)15-3-1-2-4-16(15)19/h1-11,22H	C17H12Cl2N2O	331.2	330.0326684	161	67.0	89	840
DTXSID2032392	Fenoxaprop-ethyl	66441-23-4	PQKBPHSEKWERTG-UHFFFAOYSA-N	Ethyl 2-{4-[(6-chloro-1,3-benzoxazol-2-yl)oxy]phenoxy}propanoate	CCOC(=O)C(C)OC1=CC=C(OC2=NC3=C(O2)C=C(Cl)C=C3)C=C1	InChI=1/C18H16ClNO5/c1-3-22-17(21)11(2)23-13-5-7-14(8-6-13)24-18-20-15-9-4-12(19)10-16(15)25-18/h4-11H,3H2,1-2H3	C18H16ClNO5	361.78	361.0717003	103	49.0	80	13
DTXSID7032393	Fenoxycarb	72490-01-8	HJUFTIJOISQSKQ-UHFFFAOYSA-N	Ethyl [2-(4-phenoxyphenoxy)ethyl]carbamate	CCOC(=O)NCCOC1=CC=C(OC2=CC=CC=C2)C=C1	InChI=1S/C17H19NO4/c1-2-20-17(19)18-12-13-21-14-8-10-16(11-9-14)22-15-6-4-3-5-7-15/h3-11H,2,12-13H2,1H3,(H,18,19)	C17H19NO4	301.342	301.131408096	139	103.0	85	77
DTXSID2032398	Fludioxonil	131341-86-1	MUJOIMFVNIBMKC-UHFFFAOYSA-N	4-(2,2-Difluoro-2H-1,3-benzodioxol-4-yl)-1H-pyrrole-3-carbonitrile	FC1(F)OC2=CC=CC(=C2O1)C1=CNC=C1C#N	InChI=1S/C12H6F2N2O2/c13-12(14)17-10-3-1-2-8(11(10)18-12)9-6-16-5-7(9)4-15/h1-3,5-6,16H	C12H6F2N2O2	248.189	248.039733767	129	94.0	112	121
DTXSID4032405	Formetanate hydrochloride	23422-53-9	MYPKGPZHHQEODQ-UHFFFAOYSA-N	3-{[(Dimethylamino)methylidene]amino}phenyl methylcarbamate--hydrogen chloride (1/1)	Cl.CNC(=O)OC1=CC=CC(=C1)N=CN(C)C	InChI=1S/C11H15N3O2.ClH/c1-12-11(15)16-10-6-4-5-9(7-10)13-8-14(2)3;/h4-8H,1-3H3,(H,12,15);1H	C11H16ClN3O2	257.72	257.0931045	94	15.0	48	24
DTXSID7032424	Mesotrione	104206-82-8	KPUREKXXPHOJQT-UHFFFAOYSA-N	2-[4-(Methanesulfonyl)-2-nitrobenzoyl]cyclohexane-1,3-dione	CS(=O)(=O)C1=CC(=C(C=C1)C(=O)C1C(=O)CCCC1=O)[N+]([O-])=O	InChI=1S/C14H13NO7S/c1-23(21,22)8-5-6-9(10(7-8)15(19)20)14(18)13-11(16)3-2-4-12(13)17/h5-7,13H,2-4H2,1H3	C14H13NO7S	339.32	339.041272937	106	54.0	83	9
DTXSID5032442	Imidacloprid	138261-41-3	YWTYJOPNNQFBPC-UHFFFAOYSA-N	N-{(2E)-1-[(6-Chloropyridin-3-yl)methyl]imidazolidin-2-ylidene}nitramide	[O-][N+](=O)\N=C1/NCCN1CC1=CN=C(Cl)C=C1	InChI=1S/C9H10ClN5O2/c10-8-2-1-7(5-12-8)6-14-4-3-11-9(14)13-15(16)17/h1-2,5H,3-4,6H2,(H,11,13)	C9H10ClN5O2	255.66	255.0523023	160	1180.0	71	5918
DTXSID3032464	Profenofos	41198-08-7	QYMMJNLHFKGANY-UHFFFAOYSA-N	O-(4-Bromo-2-chlorophenyl) O-ethyl S-propyl phosphorothioate	CCCSP(=O)(OCC)OC1=C(Cl)C=C(Br)C=C1	InChI=1/C11H15BrClO3PS/c1-3-7-18-17(14,15-4-2)16-11-6-5-9(12)8-10(11)13/h5-6,8H,3-4,7H2,1-2H3	C11H15BrClO3PS	373.63	371.935143	136	87.0	76	34
DTXSID7032470	Propetamphos	31218-83-4	BZNDWPRGXNILMS-VQHVLOKHSA-N	Propan-2-yl (2E)-3-{[(ethylamino)(methoxy)phosphorothioyl]oxy}but-2-enoate	CCNP(=S)(OC)O\C(C)=C\C(=O)OC(C)C	InChI=1/C10H20NO4PS/c1-6-11-16(17,13-5)15-9(4)7-10(12)14-8(2)3/h7-8H,6H2,1-5H3,(H,11,17)/b9-7+	C10H20NO4PS	281.31	281.0850663	116	31.0	50	50
DTXSID1032482	Tebupirimfos	96182-53-5	AWYOMXWDGWUJHS-UHFFFAOYSA-N	O-(2-tert-Butylpyrimidin-5-yl) O-ethyl O-propan-2-yl phosphorothioate	CCOP(=S)(OC(C)C)OC1=CN=C(N=C1)C(C)(C)C	InChI=1/C13H23N2O3PS/c1-7-16-19(20,17-10(2)3)18-11-8-14-12(15-9-11)13(4,5)6/h8-10H,7H2,1-6H3	C13H23N2O3PS	318.37	318.116700781	96	-	51	14
DTXSID1032488	Thiazopyr	117718-60-2	YIJZJEYQBAAWRJ-UHFFFAOYSA-N	Methyl 2-(difluoromethyl)-5-(4,5-dihydro-1,3-thiazol-2-yl)-4-(2-methylpropyl)-6-(trifluoromethyl)pyridine-3-carboxylate	COC(=O)C1=C(CC(C)C)C(C2=NCCS2)=C(N=C1C(F)F)C(F)(F)F	InChI=1S/C16H17F5N2O2S/c1-7(2)6-8-9(15(24)25-3)11(13(17)18)23-12(16(19,20)21)10(8)14-22-4-5-26-14/h7,13H,4-6H2,1-3H3	C16H17F5N2O2S	396.38	396.093089784	100	6.0	52	8
DTXSID0032493	Triadimenol	55219-65-3	BAZVSMNPJJMILC-UHFFFAOYSA-N	1-(4-Chlorophenoxy)-3,3-dimethyl-1-(1H-1,2,4-triazol-1-yl)butan-2-ol	CC(C)(C)C(O)C(OC1=CC=C(Cl)C=C1)N1C=NC=N1	InChI=1/C14H18ClN3O2/c1-14(2,3)12(19)13(18-9-16-8-17-18)20-11-6-4-10(15)5-7-11/h4-9,12-13,19H,1-3H3	C14H18ClN3O2	295.77	295.1087545	132	163.0	100	24
DTXSID0032497	Triclopyr	55335-06-3	REEQLXCGVXDJSQ-UHFFFAOYSA-N	[(3,5,6-Trichloropyridin-2-yl)oxy]acetic acid	OC(=O)COC1=C(Cl)C=C(Cl)C(Cl)=N1	InChI=1S/C7H4Cl3NO3/c8-3-1-4(9)7(11-6(3)10)14-2-5(12)13/h1H,2H2,(H,12,13)	C7H4Cl3NO3	256.46	254.9256761	141	58.0	91	39
DTXSID5032498	Triclosan	3380-34-5	XEFQLINVKFYRCS-UHFFFAOYSA-N	5-Chloro-2-(2,4-dichlorophenoxy)phenol	OC1=C(OC2=CC=C(Cl)C=C2Cl)C=CC(Cl)=C1	InChI=1S/C12H7Cl3O2/c13-7-1-3-11(9(15)5-7)17-12-4-2-8(14)6-10(12)16/h1-6,16H	C12H7Cl3O2	289.54	287.9511626	195	2221.0	252	48
DTXSID2032500	Triflumizole	68694-11-1	HSMVPDGQOIQYSR-KGENOOAVSA-N	(1E)-N-[4-Chloro-2-(trifluoromethyl)phenyl]-1-(1H-imidazol-1-yl)-2-propoxyethan-1-imine	CCCOC\C(=N/C1=C(C=C(Cl)C=C1)C(F)(F)F)N1C=CN=C1	InChI=1S/C15H15ClF3N3O/c1-2-7-23-9-14(22-6-5-20-10-22)21-13-4-3-11(16)8-12(13)15(17,18)19/h3-6,8,10H,2,7,9H2,1H3/b21-14+	C15H15ClF3N3O	345.75	345.0855743	120	10.0	90	59
DTXSID1032519	Acibenzolar-S-methyl	135158-54-2	UELITFHSCLAHKR-UHFFFAOYSA-N	S-Methyl 1,2,3-benzothiadiazole-7-carbothioate	CSC(=O)C1=CC=CC2=C1SN=N2	InChI=1S/C8H6N2OS2/c1-12-8(11)5-3-2-4-6-7(5)13-10-9-6/h2-4H,1H3	C8H6N2OS2	210.27	209.992155169	113	216.0	70	3
DTXSID0032520	Azoxystrobin	131860-33-8	WFDXOXNFNRHQEC-GHRIWEEISA-N	Methyl (2E)-2-(2-{[6-(2-cyanophenoxy)pyrimidin-4-yl]oxy}phenyl)-3-methoxyprop-2-enoate	CO\C=C(\C(=O)OC)C1=CC=CC=C1OC1=CC(OC2=CC=CC=C2C#N)=NC=N1	InChI=1S/C22H17N3O5/c1-27-13-17(22(26)28-2)16-8-4-6-10-19(16)30-21-11-20(24-14-25-21)29-18-9-5-3-7-15(18)12-23/h3-11,13-14H,1-2H3/b17-13+	C22H17N3O5	403.394	403.116820659	140	141.0	105	236
DTXSID5032525	Bifenazate	149877-41-8	VHLKTXFWDRXILV-UHFFFAOYSA-N	Propan-2-yl 2-(4-methoxy[1,1'-biphenyl]-3-yl)hydrazine-1-carboxylate	COC1=C(NNC(=O)OC(C)C)C=C(C=C1)C1=CC=CC=C1	InChI=1S/C17H20N2O3/c1-12(2)22-17(20)19-18-15-11-14(9-10-16(15)21-3)13-7-5-4-6-8-13/h4-12,18H,1-3H3,(H,19,20)	C17H20N2O3	300.358	300.147392512	115	14.0	78	58
DTXSID4032532	Carfentrazone-ethyl	128639-02-1	MLKCGVHIFJBRCD-UHFFFAOYSA-N	Ethyl 2-chloro-3-{2-chloro-5-[4-(difluoromethyl)-3-methyl-5-oxo-4,5-dihydro-1H-1,2,4-triazol-1-yl]-4-fluorophenyl}propanoate	CCOC(=O)C(Cl)CC1=C(Cl)C=C(F)C(=C1)N1N=C(C)N(C(F)F)C1=O	InChI=1/C15H14Cl2F3N3O3/c1-3-26-13(24)10(17)4-8-5-12(11(18)6-9(8)16)23-15(25)22(14(19)20)7(2)21-23/h5-6,10,14H,3-4H2,1-2H3	C15H14Cl2F3N3O3	412.19	411.0364312	112	9.0	62	36
DTXSID8032544	Dipropyl 2,5-pyridinedicarboxylate	136-45-8	IITCWRFYJWUUPC-UHFFFAOYSA-N	Dipropyl pyridine-2,5-dicarboxylate	CCCOC(=O)C1=CC=C(N=C1)C(=O)OCCC	InChI=1S/C13H17NO4/c1-3-7-17-12(15)10-5-6-11(14-9-10)13(16)18-8-4-2/h5-6,9H,3-4,7-8H2,1-2H3	C13H17NO4	251.282	251.115758031	94	-	58	51
DTXSID3032547	Etridiazole	2593-15-9	KQTVWCSONPJJPE-UHFFFAOYSA-N	5-Ethoxy-3-(trichloromethyl)-1,2,4-thiadiazole	CCOC1=NC(=NS1)C(Cl)(Cl)Cl	InChI=1S/C5H5Cl3N2OS/c1-2-11-4-9-3(10-12-4)5(6,7)8/h2H2,1H3	C5H5Cl3N2OS	247.52	245.9188171	123	11.0	80	280
DTXSID8032548	Fenbuconazole	114369-43-6	RQDJADAKIFFEKQ-UHFFFAOYSA-N	4-(4-Chlorophenyl)-2-phenyl-2-[(1H-1,2,4-triazol-1-yl)methyl]butanenitrile	ClC1=CC=C(CCC(CN2C=NC=N2)(C#N)C2=CC=CC=C2)C=C1	InChI=1/C19H17ClN4/c20-18-8-6-16(7-9-18)10-11-19(12-21,13-24-15-22-14-23-24)17-4-2-1-3-5-17/h1-9,14-15H,10-11,13H2	C19H17ClN4	336.82	336.1141743	122	12.0	74	95
DTXSID3032549	Fenhexamid	126833-17-8	VDLGAVXLJYLFDH-UHFFFAOYSA-N	N-(2,3-Dichloro-4-hydroxyphenyl)-1-methylcyclohexane-1-carboxamide	CC1(CCCCC1)C(=O)NC1=C(Cl)C(Cl)=C(O)C=C1	InChI=1S/C14H17Cl2NO2/c1-14(7-3-2-4-8-14)13(19)17-9-5-6-10(18)12(16)11(9)15/h5-6,18H,2-4,7-8H2,1H3,(H,17,19)	C14H17Cl2NO2	302.2	301.0636342	127	36.0	76	72
DTXSID2032550	Fenpyroximate (Z,E)	111812-58-9	YYJNOYZRYGDPNH-UHFFFAOYSA-N	tert-Butyl 4-[({[(1,3-dimethyl-5-phenoxy-1H-pyrazol-4-yl)methylidene]amino}oxy)methyl]benzoate	CN1N=C(C)C(C=NOCC2=CC=C(C=C2)C(=O)OC(C)(C)C)=C1OC1=CC=CC=C1	InChI=1S/C24H27N3O4/c1-17-21(22(27(5)26-17)30-20-9-7-6-8-10-20)15-25-29-16-18-11-13-19(14-12-18)23(28)31-24(2,3)4/h6-15H,16H2,1-5H3	C24H27N3O4	421.497	421.200156361	50	-	23	-
DTXSID7032551	Fluazinam	79622-59-6	UZCGKGPEKUCDTF-UHFFFAOYSA-N	3-Chloro-N-[3-chloro-2,6-dinitro-4-(trifluoromethyl)phenyl]-5-(trifluoromethyl)pyridin-2-amine	[O-][N+](=O)C1=CC(=C(Cl)C(=C1NC1=C(Cl)C=C(C=N1)C(F)(F)F)[N+]([O-])=O)C(F)(F)F	InChI=1S/C13H4Cl2F6N4O4/c14-6-1-4(12(16,17)18)3-22-11(6)23-9-7(24(26)27)2-5(13(19,20)21)8(15)10(9)25(28)29/h1-3H,(H,22,23)	C13H4Cl2F6N4O4	465.09	463.951379	125	14.0	93	12
DTXSID2032552	Flufenacet	142459-58-3	IANUJLZYFUDJIH-UHFFFAOYSA-N	N-(4-Fluorophenyl)-N-(propan-2-yl)-2-{[5-(trifluoromethyl)-1,3,4-thiadiazol-2-yl]oxy}acetamide	CC(C)N(C(=O)COC1=NN=C(S1)C(F)(F)F)C1=CC=C(F)C=C1	InChI=1S/C14H13F4N3O2S/c1-8(2)21(10-5-3-9(15)4-6-10)11(22)7-23-13-20-19-12(24-13)14(16,17)18/h3-6,8H,7H2,1-2H3	C14H13F4N3O2S	363.33	363.066460497	123	13.0	71	8
DTXSID7032553	Flumetralin	62924-70-3	PWNAWOCHVWERAR-UHFFFAOYSA-N	N-[(2-Chloro-6-fluorophenyl)methyl]-N-ethyl-2,6-dinitro-4-(trifluoromethyl)aniline	CCN(CC1=C(Cl)C=CC=C1F)C1=C(C=C(C=C1[N+]([O-])=O)C(F)(F)F)[N+]([O-])=O	InChI=1S/C16H12ClF4N3O4/c1-2-22(8-10-11(17)4-3-5-12(10)18)15-13(23(25)26)6-9(16(19,20)21)7-14(15)24(27)28/h3-7H,2,8H2,1H3	C16H12ClF4N3O4	421.73	421.0452462	96	-	67	5
DTXSID2032554	Flumiclorac-pentyl	87546-18-7	IRECWLYBCAZIJM-UHFFFAOYSA-N	Pentyl [2-chloro-5-(1,3-dioxo-1,3,4,5,6,7-hexahydro-2H-isoindol-2-yl)-4-fluorophenoxy]acetate	CCCCCOC(=O)COC1=C(Cl)C=C(F)C(=C1)N1C(=O)C2=C(CCCC2)C1=O	InChI=1S/C21H23ClFNO5/c1-2-3-6-9-28-19(25)12-29-18-11-17(16(23)10-15(18)22)24-20(26)13-7-4-5-8-14(13)21(24)27/h10-11H,2-9,12H2,1H3	C21H23ClFNO5	423.87	423.1248787	80	-	51	21
DTXSID7032555	Flumioxazin	103361-09-7	FOUWCSDKDDHKQP-UHFFFAOYSA-N	2-[7-Fluoro-3-oxo-4-(prop-2-yn-1-yl)-3,4-dihydro-2H-1,4-benzoxazin-6-yl]-4,5,6,7-tetrahydro-1H-isoindole-1,3(2H)-dione	FC1=CC2=C(C=C1N1C(=O)C3=C(CCCC3)C1=O)N(CC#C)C(=O)CO2	InChI=1S/C19H15FN2O4/c1-2-7-21-15-9-14(13(20)8-16(15)26-10-17(21)23)22-18(24)11-5-3-4-6-12(11)19(22)25/h1,8-9H,3-7,10H2	C19H15FN2O4	354.337	354.101585134	110	29.0	75	21
DTXSID2032556	Fluthiacet-methyl	117337-19-6	ZCNQYNHDVRPZIH-JXAWBTAJSA-N	Methyl ({2-chloro-4-fluoro-5-[(Z)-(3-oxotetrahydro-1H,3H-[1,3,4]thiadiazolo[3,4-a]pyridazin-1-ylidene)amino]phenyl}sulfanyl)acetate	COC(=O)CSC1=C(Cl)C=C(F)C(=C1)\N=C1/SC(=O)N2CCCCN12	InChI=1S/C15H15ClFN3O3S2/c1-23-13(21)8-24-12-7-11(10(17)6-9(12)16)18-14-19-4-2-3-5-20(19)15(22)25-14/h6-7H,2-5,8H2,1H3/b18-14-	C15H15ClFN3O3S2	403.87	403.0227396	79	-	45	1
DTXSID6032562	Octylbicycloheptenedicarboximide	113-48-4	WLLGXSLBOPFWQV-UHFFFAOYSA-N	2-(2-Ethylhexyl)-3a,4,7,7a-tetrahydro-1H-4,7-methanoisoindole-1,3(2H)-dione	CCCCC(CC)CN1C(=O)C2C3CC(C=C3)C2C1=O	InChI=1/C17H25NO2/c1-3-5-6-11(4-2)10-18-16(19)14-12-7-8-13(9-12)15(14)17(18)20/h7-8,11-15H,3-6,9-10H2,1-2H3	C17H25NO2	275.392	275.188529049	112	9.0	48	1008
DTXSID1032569	Pirimicarb	23103-98-2	YFGYUFNIOHWBOB-UHFFFAOYSA-N	2-(Dimethylamino)-5,6-dimethylpyrimidin-4-yl dimethylcarbamate	CN(C)C(=O)OC1=C(C)C(C)=NC(=N1)N(C)C	InChI=1S/C11H18N4O2/c1-7-8(2)12-10(14(3)4)13-9(7)17-11(16)15(5)6/h1-6H3	C11H18N4O2	238.291	238.142975836	138	88.0	83	21
DTXSID0032572	Prallethrin	23031-36-9	SMKRKQBMYOFFMU-UHFFFAOYSA-N	2-Methyl-4-oxo-3-(prop-2-yn-1-yl)cyclopent-2-en-1-yl 2,2-dimethyl-3-(2-methylprop-1-en-1-yl)cyclopropane-1-carboxylate	CC(C)=CC1C(C(=O)OC2CC(=O)C(CC#C)=C2C)C1(C)C	InChI=1/C19H24O3/c1-7-8-13-12(4)16(10-15(13)20)22-18(21)17-14(9-11(2)3)19(17,5)6/h1,9,14,16-17H,8,10H2,2-6H3	C19H24O3	300.398	300.172544633	106	18.0	46	84
DTXSID5032573	Pyridaben	96489-71-3	DWFZBUWUXWZWKD-UHFFFAOYSA-N	2-tert-Butyl-5-{[(4-tert-butylphenyl)methyl]sulfanyl}-4-chloropyridazin-3(2H)-one	CC(C)(C)N1N=CC(SCC2=CC=C(C=C2)C(C)(C)C)=C(Cl)C1=O	InChI=1S/C19H25ClN2OS/c1-18(2,3)14-9-7-13(8-10-14)12-24-15-11-21-22(19(4,5)6)17(23)16(15)20/h7-11H,12H2,1-6H3	C19H25ClN2OS	364.93	364.1376123	130	40.0	87	84
DTXSID5032577	Tefluthrin	79538-32-2	ZFHGXWPMULPQSE-WTKPLQERSA-N	(2,3,5,6-Tetrafluoro-4-methylphenyl)methyl 3-[(1Z)-2-chloro-3,3,3-trifluoroprop-1-en-1-yl]-2,2-dimethylcyclopropane-1-carboxylate	CC1=C(F)C(F)=C(COC(=O)C2C(\C=C(/Cl)C(F)(F)F)C2(C)C)C(F)=C1F	InChI=1/C17H14ClF7O2/c1-6-11(19)13(21)7(14(22)12(6)20)5-27-15(26)10-8(16(10,2)3)4-9(18)17(23,24)25/h4,8,10H,5H2,1-3H3/b9-4-	C17H14ClF7O2	418.74	418.0570545	112	20.0	37	23
DTXSID0032578	Thiodicarb	59669-26-0	XDOTVMNBCQVZKG-MKICQXMISA-N	Dimethyl (1E,1'E)-N,N'-{sulfanediylbis[(methylcarbamoyl)oxy]}diethanimidothioate	CS\C(C)=N\OC(=O)N(C)SN(C)C(=O)O\N=C(/C)SC	InChI=1S/C10H18N4O4S3/c1-7(19-5)11-17-9(15)13(3)21-14(4)10(16)18-12-8(2)20-6/h1-6H3/b11-7+,12-8+	C10H18N4O4S3	354.46	354.049018598	117	17.0	35	30
DTXSID4032580	Trifloxystrobin	141517-21-7	ONCZDRURRATYFI-GOKCYMHRSA-N	Methyl (methoxyimino)(2-{[({1-[3-(trifluoromethyl)phenyl]ethylidene}amino)oxy]methyl}phenyl)acetate	CON=C(C(=O)OC)C1=C(CON=C(C)C2=CC(=CC=C2)C(F)(F)F)C=CC=C1	InChI=1S/C20H19F3N2O4/c1-13(14-8-6-9-16(11-14)20(21,22)23)24-29-12-15-7-4-5-10-17(15)18(25-28-3)19(26)27-2/h4-11H,12H2,1-3H3/b24-13?,25-18+	C20H19F3N2O4	408.377	408.129691589	109	61.0	27	136
DTXSID9032581	Zoxamide	156052-68-5	SOUGWDPPRBKJEX-UHFFFAOYSA-N	3,5-Dichloro-N-(1-chloro-3-methyl-2-oxopentan-3-yl)-4-methylbenzamide	CCC(C)(NC(=O)C1=CC(Cl)=C(C)C(Cl)=C1)C(=O)CCl	InChI=1/C14H16Cl3NO2/c1-4-14(3,12(19)7-15)18-13(20)9-5-10(16)8(2)11(17)6-9/h5-6H,4,7H2,1-3H3,(H,18,20)	C14H16Cl3NO2	336.64	335.0246619	109	14.0	54	9
DTXSID5032600	Cyclanilide	113136-77-9	GLWWLNJJJCTFMZ-UHFFFAOYSA-N	1-[(2,4-Dichlorophenyl)carbamoyl]cyclopropane-1-carboxylic acid	OC(=O)C1(CC1)C(=O)NC1=CC=C(Cl)C=C1Cl	InChI=1S/C11H9Cl2NO3/c12-6-1-2-8(7(13)5-6)14-9(15)11(3-4-11)10(16)17/h1-2,5H,3-4H2,(H,14,15)(H,16,17)	C11H9Cl2NO3	274.1	272.9959486	93	-	61	15
DTXSID0032601	Cyproconazole	94361-06-5	UFNOUKDBUJZYDE-UHFFFAOYSA-N	2-(4-Chlorophenyl)-3-cyclopropyl-1-(1H-1,2,4-triazol-1-yl)butan-2-ol	CC(C1CC1)C(O)(CN1C=NC=N1)C1=CC=C(Cl)C=C1	InChI=1/C15H18ClN3O/c1-11(12-2-3-12)15(20,8-19-10-17-9-18-19)13-4-6-14(16)7-5-13/h4-7,9-12,20H,2-3,8H2,1H3	C15H18ClN3O	291.78	291.1138399	136	28.0	101	7
DTXSID0032605	Methyl (RS)-2-[4-(2,4-dichlorophenoxy)phenoxy]propionate	51338-27-3	BACHBFVBHLGWSL-UHFFFAOYSA-N	Methyl 2-[4-(2,4-dichlorophenoxy)phenoxy]propanoate	COC(=O)C(C)OC1=CC=C(OC2=CC=C(Cl)C=C2Cl)C=C1	InChI=1/C16H14Cl2O4/c1-10(16(19)20-2)21-12-4-6-13(7-5-12)22-15-8-3-11(17)9-14(15)18/h3-10H,1-2H3	C16H14Cl2O4	341.18	340.0269143	117	52.0	74	4
DTXSID4032611	Ethoprop	13194-48-4	VJYFKVYYMZPMAB-UHFFFAOYSA-N	O-Ethyl S,S-dipropyl phosphorodithioate	CCCSP(=O)(OCC)SCCC	InChI=1S/C8H19O2PS2/c1-4-7-12-11(9,10-6-3)13-8-5-2/h4-8H2,1-3H3	C8H19O2PS2	242.33	242.056409198	158	27.0	101	546
DTXSID4032613	Fenitrothion	122-14-5	ZNOLGFHPUIJIMJ-UHFFFAOYSA-N	O,O-Dimethyl O-(3-methyl-4-nitrophenyl) phosphorothioate	COP(=S)(OC)OC1=CC=C(C(C)=C1)[N+]([O-])=O	InChI=1S/C9H12NO5PS/c1-7-6-8(4-5-9(7)10(11)12)15-16(17,13-2)14-3/h4-6H,1-3H3	C9H12NO5PS	277.23	277.017380662	158	677.0	95	3
DTXSID4032615	Flumetsulam	98967-40-9	RXCPQSJAVKGONC-UHFFFAOYSA-N	N-(2,6-Difluorophenyl)-5-methyl[1,2,4]triazolo[1,5-a]pyrimidine-2-sulfonamide	CC1=NC2=NC(=NN2C=C1)S(=O)(=O)NC1=C(F)C=CC=C1F	InChI=1S/C12H9F2N5O2S/c1-7-5-6-19-11(15-7)16-12(17-19)22(20,21)18-10-8(13)3-2-4-9(10)14/h2-6,18H,1H3	C12H9F2N5O2S	325.29	325.04450205	111	9.0	79	39
DTXSID3032628	Methoxyfenozide	161050-58-4	QCAWEPFNJXQPAN-UHFFFAOYSA-N	N'-tert-Butyl-N'-(3,5-dimethylbenzoyl)-3-methoxy-2-methylbenzohydrazide	COC1=CC=CC(C(=O)NN(C(=O)C2=CC(C)=CC(C)=C2)C(C)(C)C)=C1C	InChI=1S/C22H28N2O3/c1-14-11-15(2)13-17(12-14)21(26)24(22(4,5)6)23-20(25)18-9-8-10-19(27-7)16(18)3/h8-13H,1-7H3,(H,23,25)	C22H28N2O3	368.477	368.20999277	121	77.0	103	118
DTXSID2032637	Pymetrozine	123312-89-0	QHMTXANCGGJZRX-WUXMJOGZSA-N	6-Methyl-4-{(E)-[(pyridin-3-yl)methylidene]amino}-4,5-dihydro-1,2,4-triazin-3(2H)-one	CC1=NNC(=O)N(C1)\N=C\C1=CC=CN=C1	InChI=1S/C10H11N5O/c1-8-7-15(10(16)14-13-8)12-6-9-3-2-4-11-5-9/h2-6H,7H2,1H3,(H,14,16)/b12-6+	C10H11N5O	217.232	217.096359994	119	38.0	67	34
DTXSID7032638	Pyraclostrobin	175013-18-0	HZRSNVGNWUDEFX-UHFFFAOYSA-N	Methyl [2-({[1-(4-chlorophenyl)-1H-pyrazol-3-yl]oxy}methyl)phenyl]methoxycarbamate	CON(C(=O)OC)C1=C(COC2=NN(C=C2)C2=CC=C(Cl)C=C2)C=CC=C1	InChI=1S/C19H18ClN3O4/c1-25-19(24)23(26-2)17-6-4-3-5-14(17)13-27-18-11-12-22(21-18)16-9-7-15(20)8-10-16/h3-12H,13H2,1-2H3	C19H18ClN3O4	387.82	387.0985838	120	68.0	85	181
DTXSID1032640	Pyriproxyfen	95737-68-1	NHDHVHZZCFYRSB-UHFFFAOYSA-N	2-{[1-(4-Phenoxyphenoxy)propan-2-yl]oxy}pyridine	CC(COC1=CC=C(OC2=CC=CC=C2)C=C1)OC1=NC=CC=C1	InChI=1/C20H19NO3/c1-16(23-20-9-5-6-14-21-20)15-22-17-10-12-19(13-11-17)24-18-7-3-2-4-8-18/h2-14,16H,15H2,1H3	C20H19NO3	321.376	321.136493476	127	259.0	118	651
DTXSID6032641	Quinclorac	84087-01-4	FFSSWMQPCJRCRV-UHFFFAOYSA-N	3,7-Dichloroquinoline-8-carboxylic acid	OC(=O)C1=C(Cl)C=CC2=CC(Cl)=CN=C12	InChI=1S/C10H5Cl2NO2/c11-6-3-5-1-2-7(12)8(10(14)15)9(5)13-4-6/h1-4H,(H,14,15)	C10H5Cl2NO2	242.06	240.9697338	109	28.0	101	30
DTXSID6032645	Sulfentrazone	122836-35-5	OORLZFUTLGXMEF-UHFFFAOYSA-N	N-{2,4-Dichloro-5-[4-(difluoromethyl)-3-methyl-5-oxo-4,5-dihydro-1H-1,2,4-triazol-1-yl]phenyl}methanesulfonamide	CC1=NN(C(=O)N1C(F)F)C1=CC(NS(C)(=O)=O)=C(Cl)C=C1Cl	InChI=1S/C11H10Cl2F2N4O3S/c1-5-16-19(11(20)18(5)10(14)15)9-4-8(17-23(2,21)22)6(12)3-7(9)13/h3-4,10,17H,1-2H3	C11H10Cl2F2N4O3S	387.18	385.9818731	107	14.0	72	19
DTXSID6032647	2-(Thiocyanomethylthio)benzothiazole	21564-17-0	TUBQDCKAWGHZPF-UHFFFAOYSA-N	[(1,3-Benzothiazol-2-yl)sulfanyl]methyl thiocyanate	N#CSCSC1=NC2=CC=CC=C2S1	InChI=1S/C9H6N2S3/c10-5-12-6-13-9-11-7-3-1-2-4-8(7)14-9/h1-4H,6H2	C9H6N2S3	238.34	237.969311723	123	10.0	88	168
DTXSID6032649	Tetramethrin	7696-12-0	CXBMCYHAMVGWJQ-UHFFFAOYSA-N	(1,3-Dioxo-1,3,4,5,6,7-hexahydro-2H-isoindol-2-yl)methyl 2,2-dimethyl-3-(2-methylprop-1-en-1-yl)cyclopropane-1-carboxylate	CC(C)=CC1C(C(=O)OCN2C(=O)C3=C(CCCC3)C2=O)C1(C)C	InChI=1/C19H25NO4/c1-11(2)9-14-15(19(14,3)4)18(23)24-10-20-16(21)12-7-5-6-8-13(12)17(20)22/h9,14-15H,5-8,10H2,1-4H3	C19H25NO4	331.412	331.178358289	140	68.0	87	273
DTXSID0032651	Thidiazuron	51707-55-2	HFCYZXMHUIHAQI-UHFFFAOYSA-N	N-Phenyl-N'-1,2,3-thiadiazol-5-ylurea	O=C(NC1=CN=NS1)NC1=CC=CC=C1	InChI=1S/C9H8N4OS/c14-9(12-8-6-10-13-15-8)11-7-4-2-1-3-5-7/h1-6H,(H2,11,12,14)	C9H8N4OS	220.25	220.041882068	105	89.0	117	28
DTXSID0032655	Triticonazole	131983-72-7	PPDBOQMNKNNODG-UHFFFAOYSA-N	5-[(4-Chlorophenyl)methylidene]-2,2-dimethyl-1-[(1H-1,2,4-triazol-1-yl)methyl]cyclopentan-1-ol	CC1(C)CCC(=CC2=CC=C(Cl)C=C2)C1(O)CN1C=NC=N1	InChI=1/C17H20ClN3O/c1-16(2)8-7-14(9-13-3-5-15(18)6-4-13)17(16,22)10-21-12-19-11-20-21/h3-6,9,11-12,22H,7-8,10H2,1-2H3	C17H20ClN3O	317.82	317.12949	106	3.0	18	6
DTXSID4032667	Esfenvalerate	66230-04-4	NYPJDWWKZLNGGM-RPWUZVMVSA-N	(S)-Cyano(3-phenoxyphenyl)methyl (2S)-2-(4-chlorophenyl)-3-methylbutanoate	CC(C)[C@H](C(=O)O[C@H](C#N)C1=CC=CC(OC2=CC=CC=C2)=C1)C1=CC=C(Cl)C=C1	InChI=1S/C25H22ClNO3/c1-17(2)24(18-11-13-20(26)14-12-18)25(28)30-23(16-27)19-7-6-10-22(15-19)29-21-8-4-3-5-9-21/h3-15,17,23-24H,1-2H3/t23-,24+/m1/s1	C25H22ClNO3	419.91	419.1288213	132	483.0	67	1050
DTXSID8032673	Pyrithiobac-sodium	123343-16-8	CNILNQMBAHKMFS-UHFFFAOYSA-M	Sodium 2-chloro-6-[(4,6-dimethoxypyrimidin-2-yl)sulfanyl]benzoate	[Na+].COC1=CC(OC)=NC(SC2=C(C([O-])=O)C(Cl)=CC=C2)=N1	InChI=1S/C13H11ClN2O4S.Na/c1-19-9-6-10(20-2)16-13(15-9)21-8-5-3-4-7(14)11(8)12(17)18;/h3-6H,1-2H3,(H,17,18);/q;+1/p-1	C13H10ClN2NaO4S	348.73	347.99475	74	5.0	62	20
DTXSID2032683	Mevinphos	7786-34-7	GEPDYQSQVLXLEU-UHFFFAOYSA-N	Methyl 3-[(dimethoxyphosphoryl)oxy]but-2-enoate	COC(=O)C=C(C)OP(=O)(OC)OC	InChI=1S/C7H13O6P/c1-6(5-7(8)10-2)13-14(9,11-3)12-4/h5H,1-4H3	C7H13O6P	224.149	224.044975137	123	97.0	-	75
DTXSID1032690	Indoxacarb	173584-44-6	VBCVPMMZEGZULK-NRFANRHFSA-N	Methyl (4aS)-7-chloro-2-{(methoxycarbonyl)[4-(trifluoromethoxy)phenyl]carbamoyl}-2,5-dihydroindeno[1,2-e][1,3,4]oxadiazine-4a(3H)-carboxylate	COC(=O)N(C(=O)N1CO[C@]2(CC3=C(C=CC(Cl)=C3)C2=N1)C(=O)OC)C1=CC=C(OC(F)(F)F)C=C1	InChI=1S/C22H17ClF3N3O7/c1-33-18(30)21-10-12-9-13(23)3-8-16(12)17(21)27-28(11-35-21)19(31)29(20(32)34-2)14-4-6-15(7-5-14)36-22(24,25)26/h3-9H,10-11H2,1-2H3/t21-/m0/s1	C22H17ClF3N3O7	527.84	527.0707121	118	101.0	67	204
DTXSID1034210	Prodiamine	29091-21-2	RSVPPPHXAASNOL-UHFFFAOYSA-N	2,6-Dinitro-N~1~,N~1~-dipropyl-4-(trifluoromethyl)benzene-1,3-diamine	CCCN(CCC)C1=C(C(N)=C(C=C1[N+]([O-])=O)C(F)(F)F)[N+]([O-])=O	InChI=1S/C13H17F3N4O4/c1-3-5-18(6-4-2)11-9(19(21)22)7-8(13(14,15)16)10(17)12(11)20(23)24/h7H,3-6,17H2,1-2H3	C13H17F3N4O4	350.298	350.120189532	110	-	59	2
DTXSID1034212	Spiroxamine	118134-30-8	PUYXTUJWRLOUCW-UHFFFAOYSA-N	N-[(8-tert-Butyl-1,4-dioxaspiro[4.5]decan-2-yl)methyl]-N-ethylpropan-1-amine	CCCN(CC)CC1COC2(CCC(CC2)C(C)(C)C)O1	InChI=1/C18H35NO2/c1-6-12-19(7-2)13-16-14-20-18(21-16)10-8-15(9-11-18)17(3,4)5/h15-16H,6-14H2,1-5H3	C18H35NO2	297.483	297.266779371	120	8.0	79	3
DTXSID0034223	Tebufenpyrad	119168-77-3	ZZYSLNWGKKDOML-UHFFFAOYSA-N	N-[(4-tert-Butylphenyl)methyl]-4-chloro-3-ethyl-1-methyl-1H-pyrazole-5-carboxamide	CCC1=NN(C)C(C(=O)NCC2=CC=C(C=C2)C(C)(C)C)=C1Cl	InChI=1S/C18H24ClN3O/c1-6-14-15(19)16(22(5)21-14)17(23)20-11-12-7-9-13(10-8-12)18(2,3)4/h7-10H,6,11H2,1-5H3,(H,20,23)	C18H24ClN3O	333.86	333.1607901	114	15.0	85	4
DTXSID0034227	Icaridin	119515-38-7	QLHULAHOXSSASE-UHFFFAOYSA-N	Butan-2-yl 2-(2-hydroxyethyl)piperidine-1-carboxylate	CCC(C)OC(=O)N1CCCCC1CCO	InChI=1/C12H23NO3/c1-3-10(2)16-12(15)13-8-5-4-6-11(13)7-9-14/h10-11,14H,3-9H2,1-2H3	C12H23NO3	229.32	229.167793605	92	67.0	89	3
DTXSID9034232	Cloprop	101-10-0	YNTJKQDWYXUTLZ-UHFFFAOYSA-N	2-(3-Chlorophenoxy)propanoic acid	CC(OC1=CC(Cl)=CC=C1)C(O)=O	InChI=1/C9H9ClO3/c1-6(9(11)12)13-8-4-2-3-7(10)5-8/h2-6H,1H3,(H,11,12)	C9H9ClO3	200.62	200.0240218	85	1.0	112	-
DTXSID7034252	Tepraloxydim	149979-41-9	IOYNQIMAUDJVEI-ZFNPBRLTSA-N	2-(N-{[(2E)-3-Chloroprop-2-en-1-yl]oxy}propanimidoyl)-3-hydroxy-5-(oxan-4-yl)cyclohex-2-en-1-one	CCC(=NOC\C=C\Cl)C1=C(O)CC(CC1=O)C1CCOCC1	InChI=1/C17H24ClNO4/c1-2-14(19-23-7-3-6-18)17-15(20)10-13(11-16(17)21)12-4-8-22-9-5-12/h3,6,12-13,20H,2,4-5,7-11H2,1H3/b6-3+,19-14?	C17H24ClNO4	341.83	341.139386	84	-	9	2
DTXSID6034265	Clopyralid-olamine	57754-85-5	NQQBTWVFKDDVIB-UHFFFAOYSA-N	3,6-Dichloropyridine-2-carboxylic acid--2-aminoethan-1-ol (1/1)	NCCO.OC(=O)C1=C(Cl)C=CC(Cl)=N1	InChI=1S/C6H3Cl2NO2.C2H7NO/c7-3-1-2-4(8)9-5(3)6(10)11;3-1-2-4/h1-2H,(H,10,11);4H,1-3H2	C8H10Cl2N2O3	253.08	252.0068476	58	-	45	-
DTXSID5034270	Imazapic	104098-48-8	PVSGXWMWNRGTKE-UHFFFAOYSA-N	5-Methyl-2-[5-methyl-4-oxo-5-(propan-2-yl)-4,5-dihydro-1H-imidazol-2-yl]pyridine-3-carboxylic acid	CC(C)C1(C)NC(=NC1=O)C1=NC=C(C)C=C1C(O)=O	InChI=1/C14H17N3O3/c1-7(2)14(4)13(20)16-11(17-14)10-9(12(18)19)5-8(3)6-15-10/h5-7H,1-4H3,(H,18,19)(H,16,17,20)	C14H17N3O3	275.308	275.126991419	86	10.0	71	17
DTXSID0034300	Acetamiprid	135410-20-7	WCXDHFDTOYPNIE-RIYZIHGNSA-N	(1E)-N-[(6-Chloropyridin-3-yl)methyl]-N'-cyano-N-methylethanimidamide	CN(CC1=CN=C(Cl)C=C1)C(\C)=N\C#N	InChI=1S/C10H11ClN4/c1-8(14-7-12)15(2)6-9-3-4-10(11)13-5-9/h3-5H,6H2,1-2H3/b14-8+	C10H11ClN4	222.68	222.0672241	120	3.0	123	142
DTXSID5034303	Fluroxypyr-meptyl	81406-37-3	OLZQTUCTGLHFTQ-UHFFFAOYSA-N	Octan-2-yl [(4-amino-3,5-dichloro-6-fluoropyridin-2-yl)oxy]acetate	CCCCCCC(C)OC(=O)COC1=NC(F)=C(Cl)C(N)=C1Cl	InChI=1/C15H21Cl2FN2O3/c1-3-4-5-6-7-9(2)23-10(21)8-22-15-12(17)13(19)11(16)14(18)20-15/h9H,3-8H2,1-2H3,(H2,19,20)	C15H21Cl2FN2O3	367.24	366.0913261	97	7.0	66	1
DTXSID9034365	Butafenacil	134605-64-4	JEDYYFXHPAIBGR-UHFFFAOYSA-N	2-Methyl-1-oxo-1-[(prop-2-en-1-yl)oxy]propan-2-yl 2-chloro-5-[3-methyl-2,6-dioxo-4-(trifluoromethyl)-3,6-dihydropyrimidin-1(2H)-yl]benzoate	CN1C(=O)N(C(=O)C=C1C(F)(F)F)C1=CC(C(=O)OC(C)(C)C(=O)OCC=C)=C(Cl)C=C1	InChI=1S/C20H18ClF3N2O6/c1-5-8-31-17(29)19(2,3)32-16(28)12-9-11(6-7-13(12)21)26-15(27)10-14(20(22,23)24)25(4)18(26)30/h5-7,9-10H,1,8H2,2-4H3	C20H18ClF3N2O6	474.82	474.0805485	88	-	52	1
DTXSID6034392	Boscalid	188425-85-6	WYEMLYFITZORAB-UHFFFAOYSA-N	2-Chloro-N-(4'-chloro[1,1'-biphenyl]-2-yl)pyridine-3-carboxamide	ClC1=CC=C(C=C1)C1=C(NC(=O)C2=C(Cl)N=CC=C2)C=CC=C1	InChI=1S/C18H12Cl2N2O/c19-13-9-7-12(8-10-13)14-4-1-2-6-16(14)22-18(23)15-5-3-11-21-17(15)20/h1-11H,(H,22,23)	C18H12Cl2N2O	343.21	342.0326684	120	38.0	99	178
DTXSID8034401	Buprofezin	69327-76-0	PRLVTUNWOQKEAI-UHFFFAOYSA-N	2-(tert-Butylimino)-5-phenyl-3-(propan-2-yl)-1,3,5-thiadiazinan-4-one	CC(C)N1C(SCN(C1=O)C1=CC=CC=C1)=NC(C)(C)C	InChI=1S/C16H23N3OS/c1-12(2)19-14(17-16(3,4)5)21-11-18(15(19)20)13-9-7-6-8-10-13/h6-10,12H,11H2,1-5H3	C16H23N3OS	305.44	305.156183547	111	42.0	102	104
DTXSID3034402	Butachlor	23184-66-9	HKPHPIREJKHECO-UHFFFAOYSA-N	N-(Butoxymethyl)-2-chloro-N-(2,6-diethylphenyl)acetamide	CCCCOCN(C(=O)CCl)C1=C(CC)C=CC=C1CC	InChI=1S/C17H26ClNO2/c1-4-7-11-21-13-19(16(20)12-18)17-14(5-2)9-8-10-15(17)6-3/h8-10H,4-7,11-13H2,1-3H3	C17H26ClNO2	311.85	311.1652068	117	113.0	80	8
DTXSID3034456	Cinmethylin	87818-31-3	QMTNOLKHSWIQBE-FGTMMUONSA-N	rel-(1R,2S,4S)-1-Methyl-2-[(2-methylphenyl)methoxy]-4-(propan-2-yl)-7-oxabicyclo[2.2.1]heptane	CC(C)[C@]12CC[C@](C)(O1)[C@@H](C2)OCC1=C(C)C=CC=C1	InChI=1/C18H26O2/c1-13(2)18-10-9-17(4,20-18)16(11-18)19-12-15-8-6-5-7-14(15)3/h5-8,13,16H,9-12H2,1-4H3/t16-,17+,18-/s2	C18H26O2	274.404	274.193280077	74	-	45	1
DTXSID2034465	Clothianidin	210880-92-5	PGOOBECODWQEAB-UHFFFAOYSA-N	N-[(2-Chloro-1,3-thiazol-5-yl)methyl]-N'-methyl-N''-nitroguanidine	CN\C(NCC1=CN=C(Cl)S1)=N/[N+]([O-])=O	InChI=1S/C6H8ClN5O2S/c1-8-6(11-12(13)14)10-3-4-2-9-5(7)15-4/h2H,3H2,1H3,(H2,8,10,11)	C6H8ClN5O2S	249.67	249.0087234	127	121.0	45	332
DTXSID9034490	Cyanamide	420-04-2	XZMCDFZZKTWFGF-UHFFFAOYSA-N	Cyanamide	NC#N	InChI=1S/CH2N2/c2-1-3/h2H2	CH2N2	42.041	42.021798072	135	539.0	129	4
DTXSID9034492	Cyazofamid	120116-88-3	YXKMMRDKEKCERS-UHFFFAOYSA-N	4-Chloro-2-cyano-N,N-dimethyl-5-(4-methylphenyl)-1H-imidazole-1-sulfonamide	CN(C)S(=O)(=O)N1C(=NC(Cl)=C1C1=CC=C(C)C=C1)C#N	InChI=1S/C13H13ClN4O2S/c1-9-4-6-10(7-5-9)12-13(14)16-11(8-15)18(12)21(19,20)17(2)3/h4-7H,1-3H3	C13H13ClN4O2S	324.78	324.0447745	97	7.0	74	20
DTXSID1034503	Cyhalofop-butyl	122008-85-9	TYIYMOAHACZAMQ-CQSZACIVSA-N	Butyl (2R)-2-[4-(4-cyano-2-fluorophenoxy)phenoxy]propanoate	CCCCOC(=O)[C@@H](C)OC1=CC=C(OC2=C(F)C=C(C=C2)C#N)C=C1	InChI=1S/C20H20FNO4/c1-3-4-11-24-20(23)14(2)25-16-6-8-17(9-7-16)26-19-10-5-15(13-22)12-18(19)21/h5-10,12,14H,3-4,11H2,1-2H3/t14-/m1/s1	C20H20FNO4	357.381	357.137636291	89	14.0	66	5
DTXSID4034528	Diclosulam	145701-21-9	QNXAVFXEJCPCJO-UHFFFAOYSA-N	N-(2,6-Dichlorophenyl)-5-ethoxy-7-fluoro[1,2,4]triazolo[1,5-c]pyrimidine-2-sulfonamide	CCOC1=NC(F)=CC2=NC(=NN12)S(=O)(=O)NC1=C(Cl)C=CC=C1Cl	InChI=1S/C13H10Cl2FN5O3S/c1-2-24-13-17-9(16)6-10-18-12(19-21(10)13)25(22,23)20-11-7(14)4-3-5-8(11)15/h3-6,20H,2H2,1H3	C13H10Cl2FN5O3S	406.21	404.9865439	79	4.0	63	2
DTXSID7034545	Dimethomorph	110488-70-5	QNBTYORWCCMPQP-UHFFFAOYSA-N	3-(4-Chlorophenyl)-3-(3,4-dimethoxyphenyl)-1-(morpholin-4-yl)prop-2-en-1-one	COC1=C(OC)C=C(C=C1)C(=CC(=O)N1CCOCC1)C1=CC=C(Cl)C=C1	InChI=1S/C21H22ClNO4/c1-25-19-8-5-16(13-20(19)26-2)18(15-3-6-17(22)7-4-15)14-21(24)23-9-11-27-12-10-23/h3-8,13-14H,9-12H2,1-2H3	C21H22ClNO4	387.86	387.1237359	123	27.0	25	72
DTXSID0034566	Emamectin benzoate	155569-91-8	-	-	-	-	-	-	-	69	95.0	-	10
DTXSID8034580	Ethofumesate	26225-79-6	IRCMYGHHKLLGHV-UHFFFAOYSA-N	2-Ethoxy-3,3-dimethyl-2,3-dihydro-1-benzofuran-5-yl methanesulfonate	CCOC1OC2=C(C=C(OS(C)(=O)=O)C=C2)C1(C)C	InChI=1/C13H18O5S/c1-5-16-12-13(2,3)10-8-9(18-19(4,14)15)6-7-11(10)17-12/h6-8,12H,5H2,1-4H3	C13H18O5S	286.34	286.087494854	130	113.0	74	27
DTXSID8034586	Etoxazole	153233-91-1	IXSZQYVWNJNRAL-UHFFFAOYSA-N	4-(4-tert-Butyl-2-ethoxyphenyl)-2-(2,6-difluorophenyl)-4,5-dihydro-1,3-oxazole	CCOC1=C(C=CC(=C1)C(C)(C)C)C1COC(=N1)C1=C(F)C=CC=C1F	InChI=1/C21H23F2NO2/c1-5-25-18-11-13(21(2,3)4)9-10-14(18)17-12-26-20(24-17)19-15(22)7-6-8-16(19)23/h6-11,17H,5,12H2,1-4H3	C21H23F2NO2	359.417	359.169685311	106	-	101	36
DTXSID8034588	Famoxadone	131807-57-3	PCCSBWNGDMYFCW-UHFFFAOYSA-N	3-Anilino-5-methyl-5-(4-phenoxyphenyl)-1,3-oxazolidine-2,4-dione	CC1(OC(=O)N(NC2=CC=CC=C2)C1=O)C1=CC=C(OC2=CC=CC=C2)C=C1	InChI=1/C22H18N2O4/c1-22(16-12-14-19(15-13-16)27-18-10-6-3-7-11-18)20(25)24(21(26)28-22)23-17-8-4-2-5-9-17/h2-15,23H,1H3	C22H18N2O4	374.396	374.126657068	111	24.0	82	37
DTXSID2034590	Fenamidone	161326-34-7	LMVPQMGRYSRMIW-KRWDZBQOSA-N	(5S)-3-Anilino-5-methyl-2-(methylsulfanyl)-5-phenyl-3,5-dihydro-4H-imidazol-4-one	CSC1=N[C@](C)(C(=O)N1NC1=CC=CC=C1)C1=CC=CC=C1	InChI=1S/C17H17N3OS/c1-17(13-9-5-3-6-10-13)15(21)20(16(18-17)22-2)19-14-11-7-4-8-12-14/h3-12,19H,1-2H3/t17-/m0/s1	C17H17N3OS	311.4	311.109233353	105	7.0	51	36
DTXSID4034609	Fipronil	120068-37-3	ZOCSXAVNDGMNBV-UHFFFAOYSA-N	5-Amino-1-[2,6-dichloro-4-(trifluoromethyl)phenyl]-4-(trifluoromethanesulfinyl)-1H-pyrazole-3-carbonitrile	NC1=C(C(=NN1C1=C(Cl)C=C(C=C1Cl)C(F)(F)F)C#N)S(=O)C(F)(F)F	InChI=1/C12H4Cl2F6N4OS/c13-5-1-4(11(15,16)17)2-6(14)8(5)24-10(22)9(7(3-21)23-24)26(25)12(18,19)20/h1-2H,22H2	C12H4Cl2F6N4OS	437.14	435.9387063	157	590.0	157	297
DTXSID3034612	Fluazifop-butyl	69806-50-4	VAIZTNZGPYBOGF-UHFFFAOYSA-N	Butyl 2-(4-{[5-(trifluoromethyl)pyridin-2-yl]oxy}phenoxy)propanoate	CCCCOC(=O)C(C)OC1=CC=C(OC2=CC=C(C=N2)C(F)(F)F)C=C1	InChI=1/C19H20F3NO4/c1-3-4-11-25-18(24)13(2)26-15-6-8-16(9-7-15)27-17-10-5-14(12-23-17)19(20,21)22/h5-10,12-13H,3-4,11H2,1-2H3	C19H20F3NO4	383.367	383.134442617	113	32.0	62	6
DTXSID3034618	Flufenpyr-ethyl	188489-07-8	DNUAYCRATWAJQE-UHFFFAOYSA-N	Ethyl {2-chloro-4-fluoro-5-[5-methyl-6-oxo-4-(trifluoromethyl)pyridazin-1(6H)-yl]phenoxy}acetate	CCOC(=O)COC1=CC(N2N=CC(=C(C)C2=O)C(F)(F)F)=C(F)C=C1Cl	InChI=1S/C16H13ClF4N2O4/c1-3-26-14(24)7-27-13-5-12(11(18)4-10(13)17)23-15(25)8(2)9(6-22-23)16(19,20)21/h4-6H,3,7H2,1-2H3	C16H13ClF4N2O4	408.73	408.0499973	70	1.0	35	-
DTXSID2034625	Fluoxastrobin	361377-29-9	UFEODZBUAFNAEU-NLRVBDNBSA-N	(E)-1-(2-{[6-(2-Chlorophenoxy)-5-fluoropyrimidin-4-yl]oxy}phenyl)-1-(5,6-dihydro-1,4,2-dioxazin-3-yl)-N-methoxymethanimine	CO\N=C(\C1=NOCCO1)C1=C(OC2=NC=NC(OC3=CC=CC=C3Cl)=C2F)C=CC=C1	InChI=1S/C21H16ClFN4O5/c1-28-26-18(21-27-30-11-10-29-21)13-6-2-4-8-15(13)31-19-17(23)20(25-12-24-19)32-16-9-5-3-7-14(16)22/h2-9,12H,10-11H2,1H3/b26-18+	C21H16ClFN4O5	458.83	458.0793255	99	2.0	53	12
DTXSID2034627	Fluroxypyr	69377-81-7	MEFQWPUMEMWTJP-UHFFFAOYSA-N	[(4-Amino-3,5-dichloro-6-fluoropyridin-2-yl)oxy]acetic acid	NC1=C(Cl)C(F)=NC(OCC(O)=O)=C1Cl	InChI=1S/C7H5Cl2FN2O3/c8-3-5(11)4(9)7(12-6(3)10)15-1-2(13)14/h1H2,(H2,11,12)(H,13,14)	C7H5Cl2FN2O3	255.03	253.9661256	119	21.0	81	15
DTXSID1034634	Forchlorfenuron	68157-60-8	GPXLRLUVLMHHIK-UHFFFAOYSA-N	N-(2-Chloropyridin-4-yl)-N'-phenylurea	ClC1=NC=CC(NC(=O)NC2=CC=CC=C2)=C1	InChI=1S/C12H10ClN3O/c13-11-8-10(6-7-14-11)16-12(17)15-9-4-2-1-3-5-9/h1-8H,(H2,14,15,16,17)	C12H10ClN3O	247.68	247.0512397	101	48.0	137	9
DTXSID4034653	Hexaconazole	79983-71-4	STMIIPIFODONDC-UHFFFAOYSA-N	2-(2,4-Dichlorophenyl)-1-(1H-1,2,4-triazol-1-yl)hexan-2-ol	CCCCC(O)(CN1C=NC=N1)C1=CC=C(Cl)C=C1Cl	InChI=1/C14H17Cl2N3O/c1-2-3-6-14(20,8-19-10-17-9-18-19)12-5-4-11(15)7-13(12)16/h4-5,7,9-10,20H,2-3,6,8H2,1H3	C14H17Cl2N3O	314.21	313.0748676	100	50.0	84	7
DTXSID3034664	Imazamox	114311-32-9	NUPJIGQFXCQJBK-UHFFFAOYSA-N	5-(Methoxymethyl)-2-[4-methyl-5-oxo-4-(propan-2-yl)-4,5-dihydro-1H-imidazol-2-yl]pyridine-3-carboxylic acid	COCC1=CN=C(C2=NC(C)(C(C)C)C(=O)N2)C(=C1)C(O)=O	InChI=1/C15H19N3O4/c1-8(2)15(3)14(21)17-12(18-15)11-10(13(19)20)5-9(6-16-11)7-22-4/h5-6,8H,7H2,1-4H3,(H,19,20)(H,17,18,21)	C15H19N3O4	305.334	305.137556104	98	-	85	25
DTXSID8034665	Imazapyr	81334-34-1	CLQMBPJKHLGMQK-UHFFFAOYSA-N	2-[4-Methyl-5-oxo-4-(propan-2-yl)-4,5-dihydro-1H-imidazol-2-yl]pyridine-3-carboxylic acid	CC(C)C1(C)N=C(NC1=O)C1=NC=CC=C1C(O)=O	InChI=1/C13H15N3O3/c1-7(2)13(3)12(19)15-10(16-13)9-8(11(17)18)5-4-6-14-9/h4-7H,1-3H3,(H,17,18)(H,15,16,19)	C13H15N3O3	261.281	261.111341355	114	65.0	100	148
DTXSID2034673	Iodosulfuron-methyl-sodium	144550-36-7	JUJFQMPKBJPSFZ-UHFFFAOYSA-M	Sodium [5-iodo-2-(methoxycarbonyl)benzene-1-sulfonyl][(4-methoxy-6-methyl-1,3,5-triazin-2-yl)carbamoyl]azanide	[Na+].COC(=O)C1=C(C=C(I)C=C1)S(=O)(=O)[N-]C(=O)NC1=NC(OC)=NC(C)=N1	InChI=1S/C14H14IN5O6S.Na/c1-7-16-12(19-14(17-7)26-3)18-13(22)20-27(23,24)10-6-8(15)4-5-9(10)11(21)25-2;/h4-6H,1-3H3,(H2,16,17,18,19,20,22);/q;+1/p-1	C14H13IN5NaO6S	529.24	528.95289	77	-	52	2
DTXSID7034676	Isazofos	42509-80-8	XRHGWAGWAHHFLF-UHFFFAOYSA-N	O-[5-Chloro-1-(propan-2-yl)-1H-1,2,4-triazol-3-yl] O,O-diethyl phosphorothioate	CCOP(=S)(OCC)OC1=NN(C(C)C)C(Cl)=N1	InChI=1S/C9H17ClN3O3PS/c1-5-14-17(18,15-6-2)16-9-11-8(10)13(12-9)7(3)4/h7H,5-6H2,1-4H3	C9H17ClN3O3PS	313.74	313.0416773	105	9.0	53	6
DTXSID0034695	Mancozeb	8018-01-7	-	-	-	-	-	-	-	86	230.0	-	413
DTXSID5034723	Isoxaflutole	141112-29-0	OYIKARCXOQLFHF-UHFFFAOYSA-N	(5-Cyclopropyl-1,2-oxazol-4-yl)[2-(methanesulfonyl)-4-(trifluoromethyl)phenyl]methanone	CS(=O)(=O)C1=C(C=CC(=C1)C(F)(F)F)C(=O)C1=C(ON=C1)C1CC1	InChI=1S/C15H12F3NO4S/c1-24(21,22)12-6-9(15(16,17)18)4-5-10(12)13(20)11-7-19-23-14(11)8-2-3-8/h4-8H,2-3H2,1H3	C15H12F3NO4S	359.32	359.043913533	113	33.0	66	12
DTXSID8034742	Milbemectin (mixture of 70% Milbemcin A4, 30% Milbemycin A3)	NOCAS_34742	-	-	-	-	-	-	-	29	-	-	-
DTXSID5034773	Novaluron	116714-46-6	NJPPVKZQTLUDBO-UHFFFAOYSA-N	N-({3-Chloro-4-[1,1,2-trifluoro-2-(trifluoromethoxy)ethoxy]phenyl}carbamoyl)-2,6-difluorobenzamide	FC(OC(F)(F)F)C(F)(F)OC1=C(Cl)C=C(NC(=O)NC(=O)C2=C(F)C=CC=C2F)C=C1	InChI=1/C17H9ClF8N2O4/c18-8-6-7(4-5-11(8)31-16(22,23)14(21)32-17(24,25)26)27-15(30)28-13(29)12-9(19)2-1-3-10(12)20/h1-6,14H,(H2,27,28,29,30)	C17H9ClF8N2O4	492.71	492.0123098	106	35.0	72	27
DTXSID0034803	Penoxsulam	219714-96-2	SYJGKVOENHZYMQ-UHFFFAOYSA-N	2-(2,2-Difluoroethoxy)-N-(5,8-dimethoxy[1,2,4]triazolo[1,5-c]pyrimidin-2-yl)-6-(trifluoromethyl)benzene-1-sulfonamide	COC1=CN=C(OC)N2N=C(NS(=O)(=O)C3=C(C=CC=C3OCC(F)F)C(F)(F)F)N=C12	InChI=1S/C16H14F5N5O5S/c1-29-10-6-22-15(30-2)26-13(10)23-14(24-26)25-32(27,28)12-8(16(19,20)21)4-3-5-9(12)31-7-11(17)18/h3-6,11H,7H2,1-2H3,(H,24,25)	C16H14F5N5O5S	483.37	483.06358056	101	218.0	68	49
DTXSID9034816	Monocrotophos	6923-22-4	KRTSDMXIXPKRQR-AATRIKPKSA-N	Dimethyl (2E)-4-(methylamino)-4-oxobut-2-en-2-yl phosphate	CNC(=O)\C=C(/C)OP(=O)(OC)OC	InChI=1S/C7H14NO5P/c1-6(5-7(9)8-2)13-14(10,11-3)12-4/h5H,1-4H3,(H,8,9)/b6-5+	C7H14NO5P	223.165	223.060959553	130	274.0	77	45
DTXSID9034818	Azamethiphos	35575-96-3	VNKBTWQZTQIWDV-UHFFFAOYSA-N	S-[(6-Chloro-2-oxo[1,3]oxazolo[4,5-b]pyridin-3(2H)-yl)methyl] O,O-dimethyl phosphorothioate	COP(=O)(OC)SCN1C(=O)OC2=CC(Cl)=CN=C12	InChI=1S/C9H10ClN2O5PS/c1-15-18(14,16-2)19-5-12-8-7(17-9(12)13)3-6(10)4-11-8/h3-4H,5H2,1-2H3	C9H10ClN2O5PS	324.67	323.9736573	97	37.0	85	2
DTXSID6034849	Propamocarb hydrochloride	25606-41-1	MKIMSXGUTQTKJU-UHFFFAOYSA-N	Propyl [3-(dimethylamino)propyl]carbamate--hydrogen chloride (1/1)	Cl.CCCOC(=O)NCCCN(C)C	InChI=1S/C9H20N2O2.ClH/c1-4-8-13-9(12)10-6-5-7-11(2)3;/h4-8H2,1-3H3,(H,10,12);1H	C9H21ClN2O2	224.73	224.1291556	82	13.0	35	29
DTXSID0034855	Fluazifop-P-butyl	79241-46-6	VAIZTNZGPYBOGF-CYBMUJFWSA-N	Butyl (2R)-2-(4-{[5-(trifluoromethyl)pyridin-2-yl]oxy}phenoxy)propanoate	CCCCOC(=O)[C@@H](C)OC1=CC=C(OC2=CC=C(C=N2)C(F)(F)F)C=C1	InChI=1S/C19H20F3NO4/c1-3-4-11-25-18(24)13(2)26-15-6-8-16(9-7-15)27-17-10-5-14(12-23-17)19(20,21)22/h5-10,12-13H,3-4,11H2,1-2H3/t13-/m1/s1	C19H20F3NO4	383.367	383.134442617	101	32.0	64	90
DTXSID9034864	Propoxycarbazone-sodium	181274-15-7	JRQGDDUXDKCWRF-UHFFFAOYSA-M	Sodium [2-(methoxycarbonyl)benzene-1-sulfonyl](4-methyl-5-oxo-3-propoxy-4,5-dihydro-1H-1,2,4-triazole-1-carbonyl)azanide	[Na+].CCCOC1=NN(C(=O)[N-]S(=O)(=O)C2=C(C=CC=C2)C(=O)OC)C(=O)N1C	InChI=1S/C15H18N4O7S.Na/c1-4-9-26-14-16-19(15(22)18(14)2)13(21)17-27(23,24)11-8-6-5-7-10(11)12(20)25-3;/h5-8H,4,9H2,1-3H3,(H,17,21);/q;+1/p-1	C15H17N4NaO7S	420.37	420.07156436	71	-	38	-
DTXSID8034871	Pyraflufen-ethyl	129630-19-9	APTZNLHMIGJTEW-UHFFFAOYSA-N	Ethyl {2-chloro-5-[4-chloro-5-(difluoromethoxy)-1-methyl-1H-pyrazol-3-yl]-4-fluorophenoxy}acetate	CCOC(=O)COC1=C(Cl)C=C(F)C(=C1)C1=NN(C)C(OC(F)F)=C1Cl	InChI=1S/C15H13Cl2F3N2O4/c1-3-24-11(23)6-25-10-4-7(9(18)5-8(10)16)13-12(17)14(22(2)21-13)26-15(19)20/h4-5,15H,3,6H2,1-2H3	C15H13Cl2F3N2O4	413.17	412.0204468	93	-	46	8
DTXSID3034872	Chloridazon	1698-60-8	WYKYKTKDBLFHCY-UHFFFAOYSA-N	5-Amino-4-chloro-2-phenylpyridazin-3(2H)-one	NC1=C(Cl)C(=O)N(N=C1)C1=CC=CC=C1	InChI=1S/C10H8ClN3O/c11-9-8(12)6-13-14(10(9)15)7-4-2-1-3-5-7/h1-6H,12H2	C10H8ClN3O	221.64	221.0355896	138	43.0	120	4
DTXSID8034877	Pyrimethanil	53112-28-0	ZLIBICFPKPWGIZ-UHFFFAOYSA-N	4,6-Dimethyl-N-phenylpyrimidin-2-amine	CC1=CC(C)=NC(NC2=CC=CC=C2)=N1	InChI=1S/C12H13N3/c1-9-8-10(2)14-12(13-9)15-11-6-4-3-5-7-11/h3-8H,1-2H3,(H,13,14,15)	C12H13N3	199.257	199.110947431	128	87.0	121	119
DTXSID2034881	Quinoxyfen	124495-18-7	WRPIRSINYZBGPK-UHFFFAOYSA-N	5,7-Dichloro-4-(4-fluorophenoxy)quinoline	FC1=CC=C(OC2=CC=NC3=CC(Cl)=CC(Cl)=C23)C=C1	InChI=1S/C15H8Cl2FNO/c16-9-7-12(17)15-13(8-9)19-6-5-14(15)20-11-3-1-10(18)2-4-11/h1-8H	C15H8Cl2FNO	308.13	306.9966974	125	13.0	79	39
DTXSID6034928	Spirodiclofen	148477-71-8	DTDSAWVUFPGDMX-UHFFFAOYSA-N	3-(2,4-Dichlorophenyl)-2-oxo-1-oxaspiro[4.5]dec-3-en-4-yl 2,2-dimethylbutanoate	CCC(C)(C)C(=O)OC1=C(C(=O)OC11CCCCC1)C1=CC=C(Cl)C=C1Cl	InChI=1S/C21H24Cl2O4/c1-4-20(2,3)19(25)26-17-16(14-9-8-13(22)12-15(14)23)18(24)27-21(17)10-6-5-7-11-21/h8-9,12H,4-7,10-11H2,1-3H3	C21H24Cl2O4	411.32	410.1051647	97	15.0	70	29
DTXSID0034930	Fosthiazate	98886-44-3	DUFVKSUJRWYZQP-UHFFFAOYSA-N	S-Butan-2-yl O-ethyl (2-oxo-1,3-thiazolidin-3-yl)phosphonothioate	CCOP(=O)(SC(C)CC)N1CCSC1=O	InChI=1/C9H18NO3PS2/c1-4-8(3)16-14(12,13-5-2)10-6-7-15-9(10)11/h8H,4-7H2,1-3H3	C9H18NO3PS2	283.34	283.04657279	104	15.0	88	2
DTXSID4034948	Tebufenozide	112410-23-8	QYPNKSZPJQQLRK-UHFFFAOYSA-N	N-tert-Butyl-N'-(4-ethylbenzoyl)-3,5-dimethylbenzohydrazide	CCC1=CC=C(C=C1)C(=O)NN(C(=O)C1=CC(C)=CC(C)=C1)C(C)(C)C	InChI=1S/C22H28N2O2/c1-7-17-8-10-18(11-9-17)20(25)23-24(22(4,5)6)21(26)19-13-15(2)12-16(3)14-19/h8-14H,7H2,1-6H3,(H,23,25)	C22H28N2O2	352.478	352.21507815	126	125.0	89	75
DTXSID8034956	Tetraconazole	112281-77-3	LQDARGUHUSPFNL-UHFFFAOYSA-N	1-[2-(2,4-Dichlorophenyl)-3-(1,1,2,2-tetrafluoroethoxy)propyl]-1H-1,2,4-triazole	FC(F)C(F)(F)OCC(CN1C=NC=N1)C1=C(Cl)C=C(Cl)C=C1	InChI=1/C13H11Cl2F4N3O/c14-9-1-2-10(11(15)3-9)8(4-22-7-20-6-21-22)5-23-13(18,19)12(16)17/h1-3,6-8,12H,4-5H2	C13H11Cl2F4N3O	372.14	371.02153	119	45.0	61	27
DTXSID7034961	Thiacloprid	111988-49-9	HOKKPVIRMVDYPB-UVTDQMKNSA-N	{(2Z)-3-[(6-Chloropyridin-3-yl)methyl]-1,3-thiazolidin-2-ylidene}cyanamide	ClC1=CC=C(CN2CCS\C2=N/C#N)C=N1	InChI=1S/C10H9ClN4S/c11-9-2-1-8(5-13-9)6-15-3-4-16-10(15)14-7-12/h1-2,5H,3-4,6H2/b14-10-	C10H9ClN4S	252.72	252.0236452	122	113.0	109	39
DTXSID2034962	Thiamethoxam	153719-23-4	NWWZPOKUUAIXIW-UHFFFAOYSA-N	N-{3-[(2-Chloro-1,3-thiazol-5-yl)methyl]-5-methyl-1,3,5-oxadiazinan-4-ylidene}nitramide	CN1COCN(CC2=CN=C(Cl)S2)C1=N[N+]([O-])=O	InChI=1S/C8H10ClN5O3S/c1-12-4-17-5-13(8(12)11-14(15)16)3-6-2-10-7(9)18-6/h2H,3-5H2,1H3	C8H10ClN5O3S	291.71	291.0192881	127	252.0	42	131
DTXSID1034973	Tralkoxydim	87820-88-0	DQFPEYARZIQXRM-UHFFFAOYSA-N	4-(N-Ethoxypropanimidoyl)-5-hydroxy-2',4',6'-trimethyl-1,6-dihydro[1,1'-biphenyl]-3(2H)-one	CCON=C(CC)C1=C(O)CC(CC1=O)C1=C(C)C=C(C)C=C1C	InChI=1/C20H27NO3/c1-6-16(21-24-7-2)20-17(22)10-15(11-18(20)23)19-13(4)8-12(3)9-14(19)5/h8-9,15,22H,6-7,10-11H2,1-5H3	C20H27NO3	329.44	329.199093733	97	1.0	33	13
DTXSID8035180	Allethrin	584-79-2	ZCVAOQKBXKSDMS-UHFFFAOYSA-N	2-Methyl-4-oxo-3-(prop-2-en-1-yl)cyclopent-2-en-1-yl 2,2-dimethyl-3-(2-methylprop-1-en-1-yl)cyclopropane-1-carboxylate	CC(C)=CC1C(C(=O)OC2CC(=O)C(CC=C)=C2C)C1(C)C	InChI=1/C19H26O3/c1-7-8-13-12(4)16(10-15(13)20)22-18(21)17-14(9-11(2)3)19(17,5)6/h7,9,14,16-17H,1,8,10H2,2-6H3	C19H26O3	302.414	302.188194697	144	199.0	107	494
DTXSID5035957	Cyfluthrin	68359-37-5	QQODLKZGRKWIFG-UHFFFAOYSA-N	Cyano(4-fluoro-3-phenoxyphenyl)methyl 3-(2,2-dichloroethenyl)-2,2-dimethylcyclopropane-1-carboxylate	CC1(C)C(C=C(Cl)Cl)C1C(=O)OC(C#N)C1=CC=C(F)C(OC2=CC=CC=C2)=C1	InChI=1/C22H18Cl2FNO3/c1-22(2)15(11-19(23)24)20(22)21(27)29-18(12-26)13-8-9-16(25)17(10-13)28-14-6-4-3-5-7-14/h3-11,15,18,20H,1-2H3	C22H18Cl2FNO3	434.29	433.064777	155	202.0	97	3458
DTXSID0037495	Deisopropylatrazine	1007-28-9	IVENSCMCQBJAKW-UHFFFAOYSA-N	6-Chloro-N~2~-ethyl-1,3,5-triazine-2,4-diamine	CCNC1=NC(N)=NC(Cl)=N1	InChI=1S/C5H8ClN5/c1-2-8-5-10-3(6)9-4(7)11-5/h2H2,1H3,(H3,7,8,9,10,11)	C5H8ClN5	173.6	173.046823	111	12.0	69	4
DTXSID5037523	Diazoxon	962-58-3	VBLJFQYCTRKKKF-UHFFFAOYSA-N	Diethyl 6-methyl-2-(propan-2-yl)pyrimidin-4-yl phosphate	CCOP(=O)(OCC)OC1=NC(=NC(C)=C1)C(C)C	InChI=1S/C12H21N2O4P/c1-6-16-19(15,17-7-2)18-11-8-10(5)13-12(14-11)9(3)4/h8-9H,6-7H2,1-5H3	C12H21N2O4P	288.284	288.123894162	86	43.0	38	1
DTXSID1038666	Chlorpyrifos oxon	5598-15-2	OTMOUPHCTWPNSL-UHFFFAOYSA-N	Diethyl 3,5,6-trichloropyridin-2-yl phosphate	CCOP(=O)(OCC)OC1=NC(Cl)=C(Cl)C=C1Cl	InChI=1S/C9H11Cl3NO4P/c1-3-15-18(14,16-4-2)17-9-7(11)5-6(10)8(12)13-9/h5H,3-4H2,1-2H3	C9H11Cl3NO4P	334.51	332.9491279	71	145.0	53	6
DTXSID0039223	Aldicarb	116-06-3	QGLZXHRNAYXIBU-UHFFFAOYSA-N	7,7-Dimethyl-4-oxa-8-thia-2,5-diazanon-5-en-3-one	CNC(=O)ON=CC(C)(C)SC	InChI=1S/C7H14N2O2S/c1-7(2,12-4)5-9-11-6(10)8-3/h5H,1-4H3,(H,8,10)	C7H14N2O2S	190.26	190.077598873	168	359.0	53	177
DTXSID2039336	S-Bioallethrin	28434-00-6	ZCVAOQKBXKSDMS-PVAVHDDUSA-N	(1S)-2-Methyl-4-oxo-3-(prop-2-en-1-yl)cyclopent-2-en-1-yl (1R,3R)-2,2-dimethyl-3-(2-methylprop-1-en-1-yl)cyclopropane-1-carboxylate	CC(C)=C[C@@H]1[C@@H](C(=O)O[C@H]2CC(=O)C(CC=C)=C2C)C1(C)C	InChI=1S/C19H26O3/c1-7-8-13-12(4)16(10-15(13)20)22-18(21)17-14(9-11(2)3)19(17,5)6/h7,9,14,16-17H,1,8,10H2,2-6H3/t14-,16+,17+/m1/s1	C19H26O3	302.414	302.188194697	97	35.0	44	64
DTXSID9040001	Monomethyl phthalate	4376-18-5	FNJSWIPFHMKRAT-UHFFFAOYSA-N	2-(Methoxycarbonyl)benzoic acid	COC(=O)C1=C(C=CC=C1)C(O)=O	InChI=1S/C9H8O4/c1-13-9(12)7-5-3-2-4-6(7)8(10)11/h2-5H,1H3,(H,10,11)	C9H8O4	180.159	180.042258738	67	-	145	-
DTXSID4040002	Monobutyl phthalate	131-70-4	YZBOVSFWWNVKRJ-UHFFFAOYSA-N	2-(Butoxycarbonyl)benzoic acid	CCCCOC(=O)C1=C(C=CC=C1)C(O)=O	InChI=1S/C12H14O4/c1-2-3-8-16-12(15)10-7-5-4-6-9(10)11(13)14/h4-7H,2-3,8H2,1H3,(H,13,14)	C12H14O4	222.24	222.089208931	88	102.0	85	-
DTXSID8040222	Trifloxysulfuron-sodium	199119-58-9	UFEIWEXHHOXPGP-UHFFFAOYSA-M	Sodium [(4,6-dimethoxypyrimidin-2-yl)carbamoyl][3-(2,2,2-trifluoroethoxy)pyridine-2-sulfonyl]azanide	[Na+].COC1=CC(OC)=NC(NC(=O)[N-]S(=O)(=O)C2=NC=CC=C2OCC(F)(F)F)=N1	InChI=1S/C14H14F3N5O6S.Na/c1-26-9-6-10(27-2)20-12(19-9)21-13(23)22-29(24,25)11-8(4-3-5-18-11)28-7-14(15,16)17;/h3-6H,7H2,1-2H3,(H2,19,20,21,22,23);/q;+1/p-1	C14H13F3N5NaO6S	459.33	459.0436331	64	-	40	2
DTXSID2040361	Metam-sodium hydrate	6734-80-1	QRQDRWKSESXODM-UHFFFAOYSA-M	Sodium methylcarbamodithioate--water (1/1/3)	O.O.O.[Na+].CNC([S-])=S	InChI=1S/C2H5NS2.Na.3H2O/c1-3-2(4)5;;;;/h1H3,(H2,3,4,5);;3*1H2/q;+1;;;/p-1	C2H10NNaO3S2	183.22	182.99997981	43	83.0	9	1
DTXSID7040362	5-Chloro-N-(2-chloro-4-nitrophenyl)-2-hydroxybenzamide	50-65-7	RJMUSRYZPJIFPJ-UHFFFAOYSA-N	5-Chloro-N-(2-chloro-4-nitrophenyl)-2-hydroxybenzamide	OC1=C(C=C(Cl)C=C1)C(=O)NC1=CC=C(C=C1Cl)[N+]([O-])=O	InChI=1S/C13H8Cl2N2O4/c14-7-1-4-12(18)9(5-7)13(19)16-11-3-2-8(17(20)21)6-10(11)15/h1-6,18H,(H,16,19)	C13H8Cl2N2O4	327.12	325.9861121	106	608.0	225	-
DTXSID2040363	Diniconazole	83657-24-3	FBOUIAKEJMZPQG-AWNIVKPZSA-N	(1E)-1-(2,4-Dichlorophenyl)-4,4-dimethyl-2-(1H-1,2,4-triazol-1-yl)pent-1-en-3-ol	CC(C)(C)C(O)C(=C/C1=C(Cl)C=C(Cl)C=C1)\N1C=NC=N1	InChI=1/C15H17Cl2N3O/c1-15(2,3)14(21)13(20-9-18-8-19-20)6-10-4-5-11(16)7-12(10)17/h4-9,14,21H,1-3H3/b13-6+	C15H17Cl2N3O	326.22	325.0748676	85	25.0	67	1
